plant type,location name,year,latitude (deg),longitude (deg),capacity (tonne),amount processed (tonne),amount received (tonne),amount in storage (tonne),utilization factor (%),energy (GJ),opening cost ($),expansion cost ($),fixed operating cost ($),variable operating cost ($),storage cost ($),total cost ($)
PV Recycling Plant,"Kuykendall Cement Corp., AR",1,35.0,-92.0,0.0,0.0,0.0,0.0,NaN,0.0,0.0,0.0,0.0,0.0,0.0,0.0
PV Recycling Plant,"Kuykendall Cement Corp., AR",2,35.0,-92.0,0.0,0.0,0.0,0.0,NaN,0.0,-0.0,0.0,0.0,0.0,0.0,0.0
PV Recycling Plant,"Kuykendall Cement Corp., AR",3,35.0,-92.0,0.0,0.0,0.0,0.0,NaN,0.0,-0.0,0.0,0.0,0.0,0.0,0.0
PV Recycling Plant,"Kuykendall Cement Corp., AR",4,35.0,-92.0,0.0,0.0,0.0,0.0,NaN,0.0,-0.0,0.0,0.0,0.0,0.0,0.0
PV Recycling Plant,"Kuykendall Cement Corp., AR",5,35.0,-92.0,0.0,0.0,0.0,0.0,NaN,0.0,-0.0,0.0,0.0,0.0,0.0,0.0
PV Recycling Plant,"Kuykendall Cement Corp., AR",6,35.0,-92.0,0.0,0.0,0.0,0.0,NaN,0.0,-0.0,0.0,0.0,0.0,0.0,0.0
PV Recycling Plant,"Kuykendall Cement Corp., AR",7,35.0,-92.0,0.0,0.0,0.0,0.0,NaN,0.0,-0.0,0.0,0.0,0.0,0.0,0.0
PV Recycling Plant,"Kuykendall Cement Corp., AR",8,35.0,-92.0,0.0,0.0,0.0,0.0,NaN,0.0,-0.0,0.0,0.0,0.0,0.0,0.0
PV Recycling Plant,"Kuykendall Cement Corp., AR",9,35.0,-92.0,0.0,0.0,0.0,0.0,NaN,0.0,-0.0,0.0,0.0,0.0,0.0,0.0
PV Recycling Plant,"Kuykendall Cement Corp., AR",10,35.0,-92.0,0.0,0.0,0.0,0.0,NaN,0.0,-0.0,0.0,0.0,0.0,0.0,0.0
PV Recycling Plant,"Kuykendall Cement Corp., AR",11,35.0,-92.0,0.0,0.0,0.0,0.0,NaN,0.0,-0.0,0.0,0.0,0.0,0.0,0.0
PV Recycling Plant,"Kuykendall Cement Corp., AR",12,35.0,-92.0,0.0,0.0,0.0,0.0,NaN,0.0,-0.0,0.0,0.0,0.0,0.0,0.0
PV Recycling Plant,"Kuykendall Cement Corp., AR",13,35.0,-92.0,0.0,0.0,0.0,0.0,NaN,0.0,-0.0,0.0,0.0,0.0,0.0,0.0
PV Recycling Plant,"Kuykendall Cement Corp., AR",14,35.0,-92.0,0.0,0.0,0.0,0.0,NaN,0.0,-0.0,0.0,0.0,0.0,0.0,0.0
PV Recycling Plant,"Kuykendall Cement Corp., AR",15,35.0,-92.0,0.0,0.0,0.0,0.0,NaN,0.0,-0.0,0.0,0.0,0.0,0.0,0.0
PV Recycling Plant,"Kuykendall Cement Corp., AR",16,35.0,-92.0,0.0,0.0,0.0,0.0,NaN,0.0,-0.0,0.0,0.0,0.0,0.0,0.0
PV Recycling Plant,"Kuykendall Cement Corp., AR",17,35.0,-92.0,0.0,0.0,0.0,0.0,NaN,0.0,-0.0,0.0,0.0,0.0,0.0,0.0
PV Recycling Plant,"Kuykendall Cement Corp., AR",18,35.0,-92.0,0.0,0.0,0.0,0.0,NaN,0.0,-0.0,0.0,0.0,0.0,0.0,0.0
PV Recycling Plant,"Kuykendall Cement Corp., AR",19,35.0,-92.0,0.0,0.0,0.0,0.0,NaN,0.0,-0.0,0.0,0.0,0.0,0.0,0.0
PV Recycling Plant,"Kuykendall Cement Corp., AR",20,35.0,-92.0,0.0,0.0,0.0,0.0,NaN,0.0,-0.0,0.0,0.0,0.0,0.0,0.0
PV Recycling Plant,"Kuykendall Cement Corp., AR",21,35.0,-92.0,0.0,0.0,0.0,0.0,NaN,0.0,-0.0,0.0,0.0,0.0,0.0,0.0
PV Recycling Plant,"Kuykendall Cement Corp., AR",22,35.0,-92.0,35000.0,35000.0,40488.680863,5488.680863,100.0,35466.869776,7.528332673617e6,0.0,203893.617021,1.0277340425532e7,0.0,1.800956671617e7
PV Recycling Plant,"Kuykendall Cement Corp., AR",23,35.0,-92.0,35000.0,35000.0,29742.350422,231.031285,100.0,26053.406699,-0.0,0.0,203893.617021,1.0277340425532e7,0.0,1.0481234042553e7
PV Recycling Plant,"Kuykendall Cement Corp., AR",24,35.0,-92.0,35000.0,35000.0,34768.968715,0.0,100.0,30456.573526,-0.0,0.0,203893.617021,1.0277340425532e7,0.0,1.0481234042553e7
PV Recycling Plant,"Kuykendall Cement Corp., AR",25,35.0,-92.0,35000.0,35000.0,35000.0,0.0,100.0,30658.95,-0.0,0.0,203893.617021,1.0277340425532e7,0.0,1.0481234042553e7
PV Recycling Plant,"Kuykendall Cement Corp., AR",26,35.0,-92.0,35000.0,35000.0,35000.0,0.0,100.0,30658.95,-0.0,0.0,203893.617021,1.0277340425532e7,0.0,1.0481234042553e7
PV Recycling Plant,"Baldor Electric Co., AR",1,35.0,-93.0,0.0,0.0,0.0,0.0,NaN,0.0,0.0,0.0,0.0,0.0,0.0,0.0
PV Recycling Plant,"Baldor Electric Co., AR",2,35.0,-93.0,0.0,0.0,0.0,0.0,NaN,0.0,-0.0,0.0,0.0,0.0,0.0,0.0
PV Recycling Plant,"Baldor Electric Co., AR",3,35.0,-93.0,0.0,0.0,0.0,0.0,NaN,0.0,-0.0,0.0,0.0,0.0,0.0,0.0
PV Recycling Plant,"Baldor Electric Co., AR",4,35.0,-93.0,0.0,0.0,0.0,0.0,NaN,0.0,-0.0,0.0,0.0,0.0,0.0,0.0
PV Recycling Plant,"Baldor Electric Co., AR",5,35.0,-93.0,0.0,0.0,0.0,0.0,NaN,0.0,-0.0,0.0,0.0,0.0,0.0,0.0
PV Recycling Plant,"Baldor Electric Co., AR",6,35.0,-93.0,0.0,0.0,0.0,0.0,NaN,0.0,-0.0,0.0,0.0,0.0,0.0,0.0
PV Recycling Plant,"Baldor Electric Co., AR",7,35.0,-93.0,0.0,0.0,0.0,0.0,NaN,0.0,-0.0,0.0,0.0,0.0,0.0,0.0
PV Recycling Plant,"Baldor Electric Co., AR",8,35.0,-93.0,0.0,0.0,0.0,0.0,NaN,0.0,-0.0,0.0,0.0,0.0,0.0,0.0
PV Recycling Plant,"Baldor Electric Co., AR",9,35.0,-93.0,0.0,0.0,0.0,0.0,NaN,0.0,-0.0,0.0,0.0,0.0,0.0,0.0
PV Recycling Plant,"Baldor Electric Co., AR",10,35.0,-93.0,0.0,0.0,0.0,0.0,NaN,0.0,-0.0,0.0,0.0,0.0,0.0,0.0
PV Recycling Plant,"Baldor Electric Co., AR",11,35.0,-93.0,0.0,0.0,0.0,0.0,NaN,0.0,-0.0,0.0,0.0,0.0,0.0,0.0
PV Recycling Plant,"Baldor Electric Co., AR",12,35.0,-93.0,0.0,0.0,0.0,0.0,NaN,0.0,-0.0,0.0,0.0,0.0,0.0,0.0
PV Recycling Plant,"Baldor Electric Co., AR",13,35.0,-93.0,0.0,0.0,0.0,0.0,NaN,0.0,-0.0,0.0,0.0,0.0,0.0,0.0
PV Recycling Plant,"Baldor Electric Co., AR",14,35.0,-93.0,0.0,0.0,0.0,0.0,NaN,0.0,-0.0,0.0,0.0,0.0,0.0,0.0
PV Recycling Plant,"Baldor Electric Co., AR",15,35.0,-93.0,0.0,0.0,0.0,0.0,NaN,0.0,-0.0,0.0,0.0,0.0,0.0,0.0
PV Recycling Plant,"Baldor Electric Co., AR",16,35.0,-93.0,0.0,0.0,0.0,0.0,NaN,0.0,-0.0,0.0,0.0,0.0,0.0,0.0
PV Recycling Plant,"Baldor Electric Co., AR",17,35.0,-93.0,0.0,0.0,0.0,0.0,NaN,0.0,-0.0,0.0,0.0,0.0,0.0,0.0
PV Recycling Plant,"Baldor Electric Co., AR",18,35.0,-93.0,0.0,0.0,0.0,0.0,NaN,0.0,-0.0,0.0,0.0,0.0,0.0,0.0
PV Recycling Plant,"Baldor Electric Co., AR",19,35.0,-93.0,35000.0,35000.0,37947.352596,2947.352596,100.0,33240.742454,7.528332673617e6,0.0,203893.617021,1.0277340425532e7,0.0,1.800956671617e7
PV Recycling Plant,"Baldor Electric Co., AR",20,35.0,-93.0,35000.0,35000.0,39700.178872,7647.531468,100.0,34776.165686,-0.0,0.0,203893.617021,1.0277340425532e7,0.0,1.0481234042553e7
PV Recycling Plant,"Baldor Electric Co., AR",21,35.0,-93.0,35000.0,35000.0,27352.468532,0.0,100.0,23959.94186,-0.0,0.0,203893.617021,1.0277340425532e7,0.0,1.0481234042553e7
PV Recycling Plant,"Baldor Electric Co., AR",22,35.0,-93.0,35000.0,35000.0,51665.117339,16665.117339,100.0,45257.092836,-0.0,0.0,203893.617021,1.0277340425532e7,0.0,1.0481234042553e7
PV Recycling Plant,"Baldor Electric Co., AR",23,35.0,-93.0,35000.0,35000.0,18334.882661,0.0,100.0,16060.807164,-0.0,0.0,203893.617021,1.0277340425532e7,0.0,1.0481234042553e7
PV Recycling Plant,"Baldor Electric Co., AR",24,35.0,-93.0,35000.0,35000.0,35000.0,0.0,100.0,30658.95,-0.0,0.0,203893.617021,1.0277340425532e7,0.0,1.0481234042553e7
PV Recycling Plant,"Baldor Electric Co., AR",25,35.0,-93.0,35000.0,35000.0,35000.0,0.0,100.0,30658.95,-0.0,0.0,203893.617021,1.0277340425532e7,0.0,1.0481234042553e7
PV Recycling Plant,"Baldor Electric Co., AR",26,35.0,-93.0,35000.0,35000.0,35000.0,0.0,100.0,30658.95,-0.0,0.0,203893.617021,1.0277340425532e7,0.0,1.0481234042553e7
PV Recycling Plant,"Columbia Block & Brick, MS",1,31.0,-90.0,0.0,0.0,0.0,0.0,NaN,0.0,0.0,0.0,0.0,0.0,0.0,0.0
PV Recycling Plant,"Columbia Block & Brick, MS",2,31.0,-90.0,0.0,0.0,0.0,0.0,NaN,0.0,-0.0,0.0,0.0,0.0,0.0,0.0
PV Recycling Plant,"Columbia Block & Brick, MS",3,31.0,-90.0,0.0,0.0,0.0,0.0,NaN,0.0,-0.0,0.0,0.0,0.0,0.0,0.0
PV Recycling Plant,"Columbia Block & Brick, MS",4,31.0,-90.0,0.0,0.0,0.0,0.0,NaN,0.0,-0.0,0.0,0.0,0.0,0.0,0.0
PV Recycling Plant,"Columbia Block & Brick, MS",5,31.0,-90.0,0.0,0.0,0.0,0.0,NaN,0.0,-0.0,0.0,0.0,0.0,0.0,0.0
PV Recycling Plant,"Columbia Block & Brick, MS",6,31.0,-90.0,0.0,0.0,0.0,0.0,NaN,0.0,-0.0,0.0,0.0,0.0,0.0,0.0
PV Recycling Plant,"Columbia Block & Brick, MS",7,31.0,-90.0,0.0,0.0,0.0,0.0,NaN,0.0,-0.0,0.0,0.0,0.0,0.0,0.0
PV Recycling Plant,"Columbia Block & Brick, MS",8,31.0,-90.0,0.0,0.0,0.0,0.0,NaN,0.0,-0.0,0.0,0.0,0.0,0.0,0.0
PV Recycling Plant,"Columbia Block & Brick, MS",9,31.0,-90.0,0.0,0.0,0.0,0.0,NaN,0.0,-0.0,0.0,0.0,0.0,0.0,0.0
PV Recycling Plant,"Columbia Block & Brick, MS",10,31.0,-90.0,0.0,0.0,0.0,0.0,NaN,0.0,-0.0,0.0,0.0,0.0,0.0,0.0
PV Recycling Plant,"Columbia Block & Brick, MS",11,31.0,-90.0,0.0,0.0,0.0,0.0,NaN,0.0,-0.0,0.0,0.0,0.0,0.0,0.0
PV Recycling Plant,"Columbia Block & Brick, MS",12,31.0,-90.0,0.0,0.0,0.0,0.0,NaN,0.0,-0.0,0.0,0.0,0.0,0.0,0.0
PV Recycling Plant,"Columbia Block & Brick, MS",13,31.0,-90.0,0.0,0.0,0.0,0.0,NaN,0.0,-0.0,0.0,0.0,0.0,0.0,0.0
PV Recycling Plant,"Columbia Block & Brick, MS",14,31.0,-90.0,0.0,0.0,0.0,0.0,NaN,0.0,-0.0,0.0,0.0,0.0,0.0,0.0
PV Recycling Plant,"Columbia Block & Brick, MS",15,31.0,-90.0,35000.0,24640.900762,24640.900762,0.0,70.402574,21584.689841,7.22312999766e6,0.0,195627.659574,6.942180583846e6,0.0,1.436093824108e7
PV Recycling Plant,"Columbia Block & Brick, MS",16,31.0,-90.0,35000.0,35000.0,35552.746374,552.746374,100.0,31143.139241,-0.0,0.0,195627.659574,9.860691489362e6,0.0,1.0056319148936e7
PV Recycling Plant,"Columbia Block & Brick, MS",17,31.0,-90.0,35000.0,35000.0,34447.253626,0.0,100.0,30174.760759,-0.0,0.0,195627.659574,9.860691489362e6,0.0,1.0056319148936e7
PV Recycling Plant,"Columbia Block & Brick, MS",18,31.0,-90.0,35000.0,35000.0,42118.500627,7118.500627,100.0,36894.542994,-0.0,0.0,195627.659574,9.860691489362e6,0.0,1.0056319148936e7
PV Recycling Plant,"Columbia Block & Brick, MS",19,31.0,-90.0,35000.0,35000.0,34272.932039,6391.432666,100.0,30022.060278,-0.0,0.0,195627.659574,9.860691489362e6,0.0,1.0056319148936e7
PV Recycling Plant,"Columbia Block & Brick, MS",20,31.0,-90.0,35000.0,35000.0,36582.941145,7974.373811,100.0,32045.558955,-0.0,0.0,195627.659574,9.860691489362e6,0.0,1.0056319148936e7
PV Recycling Plant,"Columbia Block & Brick, MS",21,31.0,-90.0,35000.0,35000.0,27025.626189,0.0,100.0,23673.637773,-0.0,0.0,195627.659574,9.860691489362e6,0.0,1.0056319148936e7
PV Recycling Plant,"Columbia Block & Brick, MS",22,31.0,-90.0,35000.0,35000.0,44222.154279,9222.154279,100.0,38737.280484,-0.0,0.0,195627.659574,9.860691489362e6,0.0,1.0056319148936e7
PV Recycling Plant,"Columbia Block & Brick, MS",23,31.0,-90.0,35000.0,35000.0,25777.845721,0.0,100.0,22580.619516,-0.0,0.0,195627.659574,9.860691489362e6,0.0,1.0056319148936e7
PV Recycling Plant,"Columbia Block & Brick, MS",24,31.0,-90.0,35000.0,35000.0,35000.0,0.0,100.0,30658.95,-0.0,0.0,195627.659574,9.860691489362e6,0.0,1.0056319148936e7
PV Recycling Plant,"Columbia Block & Brick, MS",25,31.0,-90.0,35000.0,35000.0,35000.0,0.0,100.0,30658.95,-0.0,0.0,195627.659574,9.860691489362e6,0.0,1.0056319148936e7
PV Recycling Plant,"Columbia Block & Brick, MS",26,31.0,-90.0,35000.0,35000.0,35000.0,0.0,100.0,30658.95,-0.0,0.0,195627.659574,9.860691489362e6,0.0,1.0056319148936e7
PV Recycling Plant,"Gold Star Engraving & Awards, AZ",1,34.0,-114.0,0.0,0.0,0.0,0.0,NaN,0.0,0.0,0.0,0.0,0.0,0.0,0.0
PV Recycling Plant,"Gold Star Engraving & Awards, AZ",2,34.0,-114.0,0.0,0.0,0.0,0.0,NaN,0.0,-0.0,0.0,0.0,0.0,0.0,0.0
PV Recycling Plant,"Gold Star Engraving & Awards, AZ",3,34.0,-114.0,0.0,0.0,0.0,0.0,NaN,0.0,-0.0,0.0,0.0,0.0,0.0,0.0
PV Recycling Plant,"Gold Star Engraving & Awards, AZ",4,34.0,-114.0,0.0,0.0,0.0,0.0,NaN,0.0,-0.0,0.0,0.0,0.0,0.0,0.0
PV Recycling Plant,"Gold Star Engraving & Awards, AZ",5,34.0,-114.0,0.0,0.0,0.0,0.0,NaN,0.0,-0.0,0.0,0.0,0.0,0.0,0.0
PV Recycling Plant,"Gold Star Engraving & Awards, AZ",6,34.0,-114.0,0.0,0.0,0.0,0.0,NaN,0.0,-0.0,0.0,0.0,0.0,0.0,0.0
PV Recycling Plant,"Gold Star Engraving & Awards, AZ",7,34.0,-114.0,0.0,0.0,0.0,0.0,NaN,0.0,-0.0,0.0,0.0,0.0,0.0,0.0
PV Recycling Plant,"Gold Star Engraving & Awards, AZ",8,34.0,-114.0,35000.0,23874.856647,55774.526245,31899.669597,68.213876,48856.811755,8.647409152128e6,0.0,234202.12766,8.052684361794e6,0.0,1.6934295641582e7
PV Recycling Plant,"Gold Star Engraving & Awards, AZ",9,34.0,-114.0,35000.0,35000.0,6882.080339,3781.749936,100.0,6028.495914,-0.0,0.0,234202.12766,1.1805053191489e7,0.0,1.2039255319149e7
PV Recycling Plant,"Gold Star Engraving & Awards, AZ",10,34.0,-114.0,35000.0,35000.0,39250.904242,8032.654179,100.0,34382.614589,-0.0,0.0,234202.12766,1.1805053191489e7,0.0,1.2039255319149e7
PV Recycling Plant,"Gold Star Engraving & Awards, AZ",11,34.0,-114.0,35000.0,35000.0,38166.605826,11199.260004,100.0,33432.801705,-0.0,0.0,234202.12766,1.1805053191489e7,0.0,1.2039255319149e7
PV Recycling Plant,"Gold Star Engraving & Awards, AZ",12,34.0,-114.0,35000.0,35000.0,23800.739996,0.0,100.0,20848.734214,-0.0,0.0,234202.12766,1.1805053191489e7,0.0,1.2039255319149e7
PV Recycling Plant,"Gold Star Engraving & Awards, AZ",13,34.0,-114.0,35000.0,35000.0,109092.50822,74092.50822,100.0,95561.764426,-0.0,0.0,234202.12766,1.1805053191489e7,0.0,1.2039255319149e7
PV Recycling Plant,"Gold Star Engraving & Awards, AZ",14,34.0,-114.0,35000.0,35000.0,1496.699738,40589.207958,100.0,1311.06407,-0.0,0.0,234202.12766,1.1805053191489e7,0.0,1.2039255319149e7
PV Recycling Plant,"Gold Star Engraving & Awards, AZ",15,34.0,-114.0,35000.0,35000.0,37247.414978,42836.622936,100.0,32627.618098,-0.0,0.0,234202.12766,1.1805053191489e7,0.0,1.2039255319149e7
PV Recycling Plant,"Gold Star Engraving & Awards, AZ",16,34.0,-114.0,35000.0,35000.0,27090.984039,34927.606975,100.0,23730.889288,-0.0,0.0,234202.12766,1.1805053191489e7,0.0,1.2039255319149e7
PV Recycling Plant,"Gold Star Engraving & Awards, AZ",17,34.0,-114.0,35000.0,35000.0,72.393025,0.0,100.0,63.414118,-0.0,0.0,234202.12766,1.1805053191489e7,0.0,1.2039255319149e7
PV Recycling Plant,"Gold Star Engraving & Awards, AZ",18,34.0,-114.0,35000.0,35000.0,35000.0,0.0,100.0,30658.95,-0.0,0.0,234202.12766,1.1805053191489e7,0.0,1.2039255319149e7
PV Recycling Plant,"Gold Star Engraving & Awards, AZ",19,34.0,-114.0,35000.0,35000.0,35000.0,0.0,100.0,30658.95,-0.0,0.0,234202.12766,1.1805053191489e7,0.0,1.2039255319149e7
PV Recycling Plant,"Gold Star Engraving & Awards, AZ",20,34.0,-114.0,35000.0,35000.0,135355.294649,100355.294649,100.0,118567.177454,-0.0,0.0,234202.12766,1.1805053191489e7,0.0,1.2039255319149e7
PV Recycling Plant,"Gold Star Engraving & Awards, AZ",21,34.0,-114.0,35000.0,35000.0,0.0,65355.294649,100.0,0.0,-0.0,0.0,234202.12766,1.1805053191489e7,0.0,1.2039255319149e7
PV Recycling Plant,"Gold Star Engraving & Awards, AZ",22,34.0,-114.0,35000.0,35000.0,66794.375201,97149.66985,100.0,58509.868845,-0.0,0.0,234202.12766,1.1805053191489e7,0.0,1.2039255319149e7
PV Recycling Plant,"Gold Star Engraving & Awards, AZ",23,34.0,-114.0,35000.0,35000.0,0.0,62149.66985,100.0,0.0,-0.0,0.0,234202.12766,1.1805053191489e7,0.0,1.2039255319149e7
PV Recycling Plant,"Gold Star Engraving & Awards, AZ",24,34.0,-114.0,35000.0,35000.0,9473.346389,36623.01624,100.0,8298.367237,-0.0,0.0,234202.12766,1.1805053191489e7,0.0,1.2039255319149e7
PV Recycling Plant,"Gold Star Engraving & Awards, AZ",25,34.0,-114.0,35000.0,35000.0,30200.580427,31823.596666,100.0,26454.802436,-0.0,0.0,234202.12766,1.1805053191489e7,0.0,1.2039255319149e7
PV Recycling Plant,"Gold Star Engraving & Awards, AZ",26,34.0,-114.0,35000.0,35000.0,3176.403334,0.0,100.0,2782.434028,-0.0,0.0,234202.12766,1.1805053191489e7,0.0,1.2039255319149e7
PV Recycling Plant,"Arkansas Concrete, AR",1,35.0,-91.0,0.0,0.0,0.0,0.0,NaN,0.0,0.0,0.0,0.0,0.0,0.0,0.0
PV Recycling Plant,"Arkansas Concrete, AR",2,35.0,-91.0,0.0,0.0,0.0,0.0,NaN,0.0,-0.0,0.0,0.0,0.0,0.0,0.0
PV Recycling Plant,"Arkansas Concrete, AR",3,35.0,-91.0,0.0,0.0,0.0,0.0,NaN,0.0,-0.0,0.0,0.0,0.0,0.0,0.0
PV Recycling Plant,"Arkansas Concrete, AR",4,35.0,-91.0,0.0,0.0,0.0,0.0,NaN,0.0,-0.0,0.0,0.0,0.0,0.0,0.0
PV Recycling Plant,"Arkansas Concrete, AR",5,35.0,-91.0,0.0,0.0,0.0,0.0,NaN,0.0,-0.0,0.0,0.0,0.0,0.0,0.0
PV Recycling Plant,"Arkansas Concrete, AR",6,35.0,-91.0,0.0,0.0,0.0,0.0,NaN,0.0,-0.0,0.0,0.0,0.0,0.0,0.0
PV Recycling Plant,"Arkansas Concrete, AR",7,35.0,-91.0,0.0,0.0,0.0,0.0,NaN,0.0,-0.0,0.0,0.0,0.0,0.0,0.0
PV Recycling Plant,"Arkansas Concrete, AR",8,35.0,-91.0,0.0,0.0,0.0,0.0,NaN,0.0,-0.0,0.0,0.0,0.0,0.0,0.0
PV Recycling Plant,"Arkansas Concrete, AR",9,35.0,-91.0,0.0,0.0,0.0,0.0,NaN,0.0,-0.0,0.0,0.0,0.0,0.0,0.0
PV Recycling Plant,"Arkansas Concrete, AR",10,35.0,-91.0,0.0,0.0,0.0,0.0,NaN,0.0,-0.0,0.0,0.0,0.0,0.0,0.0
PV Recycling Plant,"Arkansas Concrete, AR",11,35.0,-91.0,0.0,0.0,0.0,0.0,NaN,0.0,-0.0,0.0,0.0,0.0,0.0,0.0
PV Recycling Plant,"Arkansas Concrete, AR",12,35.0,-91.0,0.0,0.0,0.0,0.0,NaN,0.0,-0.0,0.0,0.0,0.0,0.0,0.0
PV Recycling Plant,"Arkansas Concrete, AR",13,35.0,-91.0,0.0,0.0,0.0,0.0,NaN,0.0,-0.0,0.0,0.0,0.0,0.0,0.0
PV Recycling Plant,"Arkansas Concrete, AR",14,35.0,-91.0,0.0,0.0,0.0,0.0,NaN,0.0,-0.0,0.0,0.0,0.0,0.0,0.0
PV Recycling Plant,"Arkansas Concrete, AR",15,35.0,-91.0,0.0,0.0,0.0,0.0,NaN,0.0,-0.0,0.0,0.0,0.0,0.0,0.0
PV Recycling Plant,"Arkansas Concrete, AR",16,35.0,-91.0,0.0,0.0,0.0,0.0,NaN,0.0,-0.0,0.0,0.0,0.0,0.0,0.0
PV Recycling Plant,"Arkansas Concrete, AR",17,35.0,-91.0,0.0,0.0,0.0,0.0,NaN,0.0,-0.0,0.0,0.0,0.0,0.0,0.0
PV Recycling Plant,"Arkansas Concrete, AR",18,35.0,-91.0,0.0,0.0,0.0,0.0,NaN,0.0,-0.0,0.0,0.0,0.0,0.0,0.0
PV Recycling Plant,"Arkansas Concrete, AR",19,35.0,-91.0,0.0,0.0,0.0,0.0,NaN,0.0,-0.0,0.0,0.0,0.0,0.0,0.0
PV Recycling Plant,"Arkansas Concrete, AR",20,35.0,-91.0,0.0,0.0,0.0,0.0,NaN,0.0,-0.0,0.0,0.0,0.0,0.0,0.0
PV Recycling Plant,"Arkansas Concrete, AR",21,35.0,-91.0,0.0,0.0,0.0,0.0,NaN,0.0,-0.0,0.0,0.0,0.0,0.0,0.0
PV Recycling Plant,"Arkansas Concrete, AR",22,35.0,-91.0,0.0,0.0,0.0,0.0,NaN,0.0,-0.0,0.0,0.0,0.0,0.0,0.0
PV Recycling Plant,"Arkansas Concrete, AR",23,35.0,-91.0,0.0,0.0,0.0,0.0,NaN,0.0,-0.0,0.0,0.0,0.0,0.0,0.0
PV Recycling Plant,"Arkansas Concrete, AR",24,35.0,-91.0,0.0,0.0,0.0,0.0,NaN,0.0,-0.0,0.0,0.0,0.0,0.0,0.0
PV Recycling Plant,"Arkansas Concrete, AR",25,35.0,-91.0,35000.0,35000.0,35000.0,0.0,100.0,30658.95,7.528332673617e6,0.0,203893.617021,1.0277340425532e7,0.0,1.800956671617e7
PV Recycling Plant,"Arkansas Concrete, AR",26,35.0,-91.0,35000.0,35000.0,35000.0,0.0,100.0,30658.95,-0.0,0.0,203893.617021,1.0277340425532e7,0.0,1.0481234042553e7
PV Recycling Plant,"Standard Enterprises, Inc., VA",1,38.0,-78.0,0.0,0.0,0.0,0.0,NaN,0.0,0.0,0.0,0.0,0.0,0.0,0.0
PV Recycling Plant,"Standard Enterprises, Inc., VA",2,38.0,-78.0,0.0,0.0,0.0,0.0,NaN,0.0,-0.0,0.0,0.0,0.0,0.0,0.0
PV Recycling Plant,"Standard Enterprises, Inc., VA",3,38.0,-78.0,0.0,0.0,0.0,0.0,NaN,0.0,-0.0,0.0,0.0,0.0,0.0,0.0
PV Recycling Plant,"Standard Enterprises, Inc., VA",4,38.0,-78.0,0.0,0.0,0.0,0.0,NaN,0.0,-0.0,0.0,0.0,0.0,0.0,0.0
PV Recycling Plant,"Standard Enterprises, Inc., VA",5,38.0,-78.0,0.0,0.0,0.0,0.0,NaN,0.0,-0.0,0.0,0.0,0.0,0.0,0.0
PV Recycling Plant,"Standard Enterprises, Inc., VA",6,38.0,-78.0,0.0,0.0,0.0,0.0,NaN,0.0,-0.0,0.0,0.0,0.0,0.0,0.0
PV Recycling Plant,"Standard Enterprises, Inc., VA",7,38.0,-78.0,0.0,0.0,0.0,0.0,NaN,0.0,-0.0,0.0,0.0,0.0,0.0,0.0
PV Recycling Plant,"Standard Enterprises, Inc., VA",8,38.0,-78.0,35000.0,0.0,17100.771304,17100.771304,0.0,14979.762639,8.34220647617e6,0.0,225936.170213,0.0,0.0,8.568142646383e6
PV Recycling Plant,"Standard Enterprises, Inc., VA",9,38.0,-78.0,35000.0,34260.127838,17159.356534,0.0,97.88608,15031.081543,-0.0,0.0,225936.170213,1.1147662447441e7,0.0,1.1373598617654e7
PV Recycling Plant,"Standard Enterprises, Inc., VA",10,38.0,-78.0,35000.0,35000.0,73984.896588,38984.896588,100.0,64808.549864,-0.0,0.0,225936.170213,1.1388404255319e7,0.0,1.1614340425532e7
PV Recycling Plant,"Standard Enterprises, Inc., VA",11,38.0,-78.0,35000.0,35000.0,68104.364434,72089.261021,100.0,59657.380113,-0.0,0.0,225936.170213,1.1388404255319e7,0.0,1.1614340425532e7
PV Recycling Plant,"Standard Enterprises, Inc., VA",12,38.0,-78.0,35000.0,35000.0,16368.532884,53457.793906,100.0,14338.343751,-0.0,0.0,225936.170213,1.1388404255319e7,0.0,1.1614340425532e7
PV Recycling Plant,"Standard Enterprises, Inc., VA",13,38.0,-78.0,35000.0,35000.0,41947.82663,60405.620535,100.0,36745.037693,-0.0,0.0,225936.170213,1.1388404255319e7,0.0,1.1614340425532e7
PV Recycling Plant,"Standard Enterprises, Inc., VA",14,38.0,-78.0,35000.0,35000.0,11896.722623,37302.343158,100.0,10421.172116,-0.0,0.0,225936.170213,1.1388404255319e7,0.0,1.1614340425532e7
PV Recycling Plant,"Standard Enterprises, Inc., VA",15,38.0,-78.0,35000.0,35000.0,15837.394843,18139.738002,100.0,13873.082761,-0.0,0.0,225936.170213,1.1388404255319e7,0.0,1.1614340425532e7
PV Recycling Plant,"Standard Enterprises, Inc., VA",16,38.0,-78.0,35000.0,35000.0,29818.777372,12958.515374,100.0,26120.354415,-0.0,0.0,225936.170213,1.1388404255319e7,0.0,1.1614340425532e7
PV Recycling Plant,"Standard Enterprises, Inc., VA",17,38.0,-78.0,35000.0,35000.0,22041.484626,0.0,100.0,19307.679288,-0.0,0.0,225936.170213,1.1388404255319e7,0.0,1.1614340425532e7
PV Recycling Plant,"Standard Enterprises, Inc., VA",18,38.0,-78.0,35000.0,35000.0,35000.0,0.0,100.0,30658.95,-0.0,0.0,225936.170213,1.1388404255319e7,0.0,1.1614340425532e7
PV Recycling Plant,"Standard Enterprises, Inc., VA",19,38.0,-78.0,35000.0,35000.0,35328.632254,328.632254,100.0,30946.821995,-0.0,0.0,225936.170213,1.1388404255319e7,0.0,1.1614340425532e7
PV Recycling Plant,"Standard Enterprises, Inc., VA",20,38.0,-78.0,35000.0,35000.0,39438.480493,4767.112746,100.0,34546.925757,-0.0,0.0,225936.170213,1.1388404255319e7,0.0,1.1614340425532e7
PV Recycling Plant,"Standard Enterprises, Inc., VA",21,38.0,-78.0,35000.0,35000.0,30232.887254,0.0,100.0,26483.102248,-0.0,0.0,225936.170213,1.1388404255319e7,0.0,1.1614340425532e7
PV Recycling Plant,"Standard Enterprises, Inc., VA",22,38.0,-78.0,35000.0,35000.0,40492.793713,5492.793713,100.0,35470.472509,-0.0,0.0,225936.170213,1.1388404255319e7,0.0,1.1614340425532e7
PV Recycling Plant,"Standard Enterprises, Inc., VA",23,38.0,-78.0,35000.0,35000.0,29507.206287,0.0,100.0,25847.427491,-0.0,0.0,225936.170213,1.1388404255319e7,0.0,1.1614340425532e7
PV Recycling Plant,"Standard Enterprises, Inc., VA",24,38.0,-78.0,35000.0,35000.0,35000.0,0.0,100.0,30658.95,-0.0,0.0,225936.170213,1.1388404255319e7,0.0,1.1614340425532e7
PV Recycling Plant,"Standard Enterprises, Inc., VA",25,38.0,-78.0,35000.0,35000.0,48099.766073,13099.766073,100.0,42133.952087,-0.0,0.0,225936.170213,1.1388404255319e7,0.0,1.1614340425532e7
PV Recycling Plant,"Standard Enterprises, Inc., VA",26,38.0,-78.0,35000.0,35000.0,21900.233927,0.0,100.0,19183.947913,-0.0,0.0,225936.170213,1.1388404255319e7,0.0,1.1614340425532e7
PV Recycling Plant,"Prospect Machine, Inc., AZ",1,34.0,-112.0,0.0,0.0,0.0,0.0,NaN,0.0,0.0,0.0,0.0,0.0,0.0,0.0
PV Recycling Plant,"Prospect Machine, Inc., AZ",2,34.0,-112.0,0.0,0.0,0.0,0.0,NaN,0.0,-0.0,0.0,0.0,0.0,0.0,0.0
PV Recycling Plant,"Prospect Machine, Inc., AZ",3,34.0,-112.0,0.0,0.0,0.0,0.0,NaN,0.0,-0.0,0.0,0.0,0.0,0.0,0.0
PV Recycling Plant,"Prospect Machine, Inc., AZ",4,34.0,-112.0,0.0,0.0,0.0,0.0,NaN,0.0,-0.0,0.0,0.0,0.0,0.0,0.0
PV Recycling Plant,"Prospect Machine, Inc., AZ",5,34.0,-112.0,0.0,0.0,0.0,0.0,NaN,0.0,-0.0,0.0,0.0,0.0,0.0,0.0
PV Recycling Plant,"Prospect Machine, Inc., AZ",6,34.0,-112.0,0.0,0.0,0.0,0.0,NaN,0.0,-0.0,0.0,0.0,0.0,0.0,0.0
PV Recycling Plant,"Prospect Machine, Inc., AZ",7,34.0,-112.0,0.0,0.0,0.0,0.0,NaN,0.0,-0.0,0.0,0.0,0.0,0.0,0.0
PV Recycling Plant,"Prospect Machine, Inc., AZ",8,34.0,-112.0,0.0,0.0,0.0,0.0,NaN,0.0,-0.0,0.0,0.0,0.0,0.0,0.0
PV Recycling Plant,"Prospect Machine, Inc., AZ",9,34.0,-112.0,0.0,0.0,0.0,0.0,NaN,0.0,-0.0,0.0,0.0,0.0,0.0,0.0
PV Recycling Plant,"Prospect Machine, Inc., AZ",10,34.0,-112.0,35000.0,35000.0,41146.008797,6146.008797,100.0,36042.669326,8.647409152128e6,0.0,234202.12766,1.1805053191489e7,0.0,2.0686664471277e7
PV Recycling Plant,"Prospect Machine, Inc., AZ",11,34.0,-112.0,35000.0,0.0,38583.455761,44729.464557,0.0,33797.949743,-0.0,0.0,234202.12766,0.0,0.0,234202.12766
PV Recycling Plant,"Prospect Machine, Inc., AZ",12,34.0,-112.0,35000.0,35000.0,4762.436549,14491.901106,100.0,4171.751544,-0.0,0.0,234202.12766,1.1805053191489e7,0.0,1.2039255319149e7
PV Recycling Plant,"Prospect Machine, Inc., AZ",13,34.0,-112.0,35000.0,0.0,35566.091503,50057.992609,0.0,31154.829174,-0.0,0.0,234202.12766,0.0,0.0,234202.12766
PV Recycling Plant,"Prospect Machine, Inc., AZ",14,34.0,-112.0,35000.0,35000.0,33667.881231,48725.87384,100.0,29492.053922,-0.0,0.0,234202.12766,1.1805053191489e7,0.0,1.2039255319149e7
PV Recycling Plant,"Prospect Machine, Inc., AZ",15,34.0,-112.0,35000.0,33571.641404,7165.632849,22319.865286,95.918975,6276.879407,-0.0,0.0,234202.12766,1.1323286071341e7,0.0,1.1557488199001e7
PV Recycling Plant,"Prospect Machine, Inc., AZ",16,34.0,-112.0,35000.0,35000.0,30231.940726,17551.806011,100.0,26482.273118,-0.0,0.0,234202.12766,1.1805053191489e7,0.0,1.2039255319149e7
PV Recycling Plant,"Prospect Machine, Inc., AZ",17,34.0,-112.0,35000.0,35000.0,44568.333689,27120.139701,100.0,39040.523262,-0.0,0.0,234202.12766,1.1805053191489e7,0.0,1.2039255319149e7
PV Recycling Plant,"Prospect Machine, Inc., AZ",18,34.0,-112.0,35000.0,35000.0,7879.860299,0.0,100.0,6902.521226,-0.0,0.0,234202.12766,1.1805053191489e7,0.0,1.2039255319149e7
PV Recycling Plant,"Prospect Machine, Inc., AZ",19,34.0,-112.0,35000.0,24597.960306,24597.960306,0.0,70.279887,21547.075289,-0.0,0.0,234202.12766,8.296577994569e6,0.0,8.530780122229e6
PV Recycling Plant,"Prospect Machine, Inc., AZ",20,34.0,-112.0,35000.0,35000.0,47655.26007,12655.26007,100.0,41744.578163,-0.0,0.0,234202.12766,1.1805053191489e7,0.0,1.2039255319149e7
PV Recycling Plant,"Prospect Machine, Inc., AZ",21,34.0,-112.0,35000.0,35000.0,35924.861476,13580.121546,100.0,31469.100907,-0.0,0.0,234202.12766,1.1805053191489e7,0.0,1.2039255319149e7
PV Recycling Plant,"Prospect Machine, Inc., AZ",22,34.0,-112.0,35000.0,35000.0,21419.878454,0.0,100.0,18763.170929,-0.0,0.0,234202.12766,1.1805053191489e7,0.0,1.2039255319149e7
PV Recycling Plant,"Prospect Machine, Inc., AZ",23,34.0,-112.0,35000.0,35000.0,37458.448201,2458.448201,100.0,32812.476871,-0.0,0.0,234202.12766,1.1805053191489e7,0.0,1.2039255319149e7
PV Recycling Plant,"Prospect Machine, Inc., AZ",24,34.0,-112.0,35000.0,35000.0,32541.551799,0.0,100.0,28505.423129,-0.0,0.0,234202.12766,1.1805053191489e7,0.0,1.2039255319149e7
PV Recycling Plant,"Prospect Machine, Inc., AZ",25,34.0,-112.0,35000.0,35000.0,35000.0,0.0,100.0,30658.95,-0.0,0.0,234202.12766,1.1805053191489e7,0.0,1.2039255319149e7
PV Recycling Plant,"Prospect Machine, Inc., AZ",26,34.0,-112.0,35000.0,35000.0,35000.0,0.0,100.0,30658.95,-0.0,0.0,234202.12766,1.1805053191489e7,0.0,1.2039255319149e7
PV Recycling Plant,"Winoa USA, Inc., VA",1,37.0,-80.0,0.0,0.0,0.0,0.0,NaN,0.0,0.0,0.0,0.0,0.0,0.0,0.0
PV Recycling Plant,"Winoa USA, Inc., VA",2,37.0,-80.0,0.0,0.0,0.0,0.0,NaN,0.0,-0.0,0.0,0.0,0.0,0.0,0.0
PV Recycling Plant,"Winoa USA, Inc., VA",3,37.0,-80.0,0.0,0.0,0.0,0.0,NaN,0.0,-0.0,0.0,0.0,0.0,0.0,0.0
PV Recycling Plant,"Winoa USA, Inc., VA",4,37.0,-80.0,0.0,0.0,0.0,0.0,NaN,0.0,-0.0,0.0,0.0,0.0,0.0,0.0
PV Recycling Plant,"Winoa USA, Inc., VA",5,37.0,-80.0,0.0,0.0,0.0,0.0,NaN,0.0,-0.0,0.0,0.0,0.0,0.0,0.0
PV Recycling Plant,"Winoa USA, Inc., VA",6,37.0,-80.0,0.0,0.0,0.0,0.0,NaN,0.0,-0.0,0.0,0.0,0.0,0.0,0.0
PV Recycling Plant,"Winoa USA, Inc., VA",7,37.0,-80.0,0.0,0.0,0.0,0.0,NaN,0.0,-0.0,0.0,0.0,0.0,0.0,0.0
PV Recycling Plant,"Winoa USA, Inc., VA",8,37.0,-80.0,0.0,0.0,0.0,0.0,NaN,0.0,-0.0,0.0,0.0,0.0,0.0,0.0
PV Recycling Plant,"Winoa USA, Inc., VA",9,37.0,-80.0,0.0,0.0,0.0,0.0,NaN,0.0,-0.0,0.0,0.0,0.0,0.0,0.0
PV Recycling Plant,"Winoa USA, Inc., VA",10,37.0,-80.0,0.0,0.0,0.0,0.0,NaN,0.0,-0.0,0.0,0.0,0.0,0.0,0.0
PV Recycling Plant,"Winoa USA, Inc., VA",11,37.0,-80.0,0.0,0.0,0.0,0.0,NaN,0.0,-0.0,0.0,0.0,0.0,0.0,0.0
PV Recycling Plant,"Winoa USA, Inc., VA",12,37.0,-80.0,0.0,0.0,0.0,0.0,NaN,0.0,-0.0,0.0,0.0,0.0,0.0,0.0
PV Recycling Plant,"Winoa USA, Inc., VA",13,37.0,-80.0,0.0,0.0,0.0,0.0,NaN,0.0,-0.0,0.0,0.0,0.0,0.0,0.0
PV Recycling Plant,"Winoa USA, Inc., VA",14,37.0,-80.0,0.0,0.0,0.0,0.0,NaN,0.0,-0.0,0.0,0.0,0.0,0.0,0.0
PV Recycling Plant,"Winoa USA, Inc., VA",15,37.0,-80.0,0.0,0.0,0.0,0.0,NaN,0.0,-0.0,0.0,0.0,0.0,0.0,0.0
PV Recycling Plant,"Winoa USA, Inc., VA",16,37.0,-80.0,0.0,0.0,0.0,0.0,NaN,0.0,-0.0,0.0,0.0,0.0,0.0,0.0
PV Recycling Plant,"Winoa USA, Inc., VA",17,37.0,-80.0,0.0,0.0,0.0,0.0,NaN,0.0,-0.0,0.0,0.0,0.0,0.0,0.0
PV Recycling Plant,"Winoa USA, Inc., VA",18,37.0,-80.0,0.0,0.0,0.0,0.0,NaN,0.0,-0.0,0.0,0.0,0.0,0.0,0.0
PV Recycling Plant,"Winoa USA, Inc., VA",19,37.0,-80.0,0.0,0.0,0.0,0.0,NaN,0.0,-0.0,0.0,0.0,0.0,0.0,0.0
PV Recycling Plant,"Winoa USA, Inc., VA",20,37.0,-80.0,35000.0,32402.232133,32402.232133,0.0,92.577806,28383.383282,8.34220647617e6,0.0,225936.170213,1.0543134808858e7,0.0,1.9111277455241e7
PV Recycling Plant,"Winoa USA, Inc., VA",21,37.0,-80.0,35000.0,20356.486658,20356.486658,0.0,58.16139,17831.671618,-0.0,0.0,225936.170213,6.62365426524e6,0.0,6.849590435453e6
PV Recycling Plant,"Winoa USA, Inc., VA",22,37.0,-80.0,35000.0,35000.0,52817.373357,17817.373357,100.0,46266.43454,-0.0,0.0,225936.170213,1.1388404255319e7,0.0,1.1614340425532e7
PV Recycling Plant,"Winoa USA, Inc., VA",23,37.0,-80.0,35000.0,35000.0,17182.626643,0.0,100.0,15051.46546,-0.0,0.0,225936.170213,1.1388404255319e7,0.0,1.1614340425532e7
PV Recycling Plant,"Winoa USA, Inc., VA",24,37.0,-80.0,35000.0,22156.688522,22156.688522,0.0,63.304824,19408.594445,-0.0,0.0,225936.170213,7.209409310025e6,0.0,7.435345480238e6
PV Recycling Plant,"Winoa USA, Inc., VA",25,37.0,-80.0,35000.0,35000.0,35000.0,0.0,100.0,30658.95,-0.0,0.0,225936.170213,1.1388404255319e7,0.0,1.1614340425532e7
PV Recycling Plant,"Winoa USA, Inc., VA",26,37.0,-80.0,35000.0,35000.0,35000.0,0.0,100.0,30658.95,-0.0,0.0,225936.170213,1.1388404255319e7,0.0,1.1614340425532e7
PV Recycling Plant,"MMC Materials, Inc., MS",1,33.0,-90.0,0.0,0.0,0.0,0.0,NaN,0.0,0.0,0.0,0.0,0.0,0.0,0.0
PV Recycling Plant,"MMC Materials, Inc., MS",2,33.0,-90.0,0.0,0.0,0.0,0.0,NaN,0.0,-0.0,0.0,0.0,0.0,0.0,0.0
PV Recycling Plant,"MMC Materials, Inc., MS",3,33.0,-90.0,0.0,0.0,0.0,0.0,NaN,0.0,-0.0,0.0,0.0,0.0,0.0,0.0
PV Recycling Plant,"MMC Materials, Inc., MS",4,33.0,-90.0,0.0,0.0,0.0,0.0,NaN,0.0,-0.0,0.0,0.0,0.0,0.0,0.0
PV Recycling Plant,"MMC Materials, Inc., MS",5,33.0,-90.0,0.0,0.0,0.0,0.0,NaN,0.0,-0.0,0.0,0.0,0.0,0.0,0.0
PV Recycling Plant,"MMC Materials, Inc., MS",6,33.0,-90.0,0.0,0.0,0.0,0.0,NaN,0.0,-0.0,0.0,0.0,0.0,0.0,0.0
PV Recycling Plant,"MMC Materials, Inc., MS",7,33.0,-90.0,0.0,0.0,0.0,0.0,NaN,0.0,-0.0,0.0,0.0,0.0,0.0,0.0
PV Recycling Plant,"MMC Materials, Inc., MS",8,33.0,-90.0,0.0,0.0,0.0,0.0,NaN,0.0,-0.0,0.0,0.0,0.0,0.0,0.0
PV Recycling Plant,"MMC Materials, Inc., MS",9,33.0,-90.0,0.0,0.0,0.0,0.0,NaN,0.0,-0.0,0.0,0.0,0.0,0.0,0.0
PV Recycling Plant,"MMC Materials, Inc., MS",10,33.0,-90.0,0.0,0.0,0.0,0.0,NaN,0.0,-0.0,0.0,0.0,0.0,0.0,0.0
PV Recycling Plant,"MMC Materials, Inc., MS",11,33.0,-90.0,0.0,0.0,0.0,0.0,NaN,0.0,-0.0,0.0,0.0,0.0,0.0,0.0
PV Recycling Plant,"MMC Materials, Inc., MS",12,33.0,-90.0,0.0,0.0,0.0,0.0,NaN,0.0,-0.0,0.0,0.0,0.0,0.0,0.0
PV Recycling Plant,"MMC Materials, Inc., MS",13,33.0,-90.0,0.0,0.0,0.0,0.0,NaN,0.0,-0.0,0.0,0.0,0.0,0.0,0.0
PV Recycling Plant,"MMC Materials, Inc., MS",14,33.0,-90.0,0.0,0.0,0.0,0.0,NaN,0.0,-0.0,0.0,0.0,0.0,0.0,0.0
PV Recycling Plant,"MMC Materials, Inc., MS",15,33.0,-90.0,0.0,0.0,0.0,0.0,NaN,0.0,-0.0,0.0,0.0,0.0,0.0,0.0
PV Recycling Plant,"MMC Materials, Inc., MS",16,33.0,-90.0,0.0,0.0,0.0,0.0,NaN,0.0,-0.0,0.0,0.0,0.0,0.0,0.0
PV Recycling Plant,"MMC Materials, Inc., MS",17,33.0,-90.0,0.0,0.0,0.0,0.0,NaN,0.0,-0.0,0.0,0.0,0.0,0.0,0.0
PV Recycling Plant,"MMC Materials, Inc., MS",18,33.0,-90.0,0.0,0.0,0.0,0.0,NaN,0.0,-0.0,0.0,0.0,0.0,0.0,0.0
PV Recycling Plant,"MMC Materials, Inc., MS",19,33.0,-90.0,35000.0,35000.0,58366.750459,23366.750459,100.0,51127.522399,7.22312999766e6,0.0,195627.659574,9.860691489362e6,0.0,1.7279449146596e7
PV Recycling Plant,"MMC Materials, Inc., MS",20,33.0,-90.0,35000.0,35000.0,28111.827692,16478.578151,100.0,24625.117703,-0.0,0.0,195627.659574,9.860691489362e6,0.0,1.0056319148936e7
PV Recycling Plant,"MMC Materials, Inc., MS",21,33.0,-90.0,35000.0,35000.0,18521.421849,0.0,100.0,16224.209897,-0.0,0.0,195627.659574,9.860691489362e6,0.0,1.0056319148936e7
PV Recycling Plant,"MMC Materials, Inc., MS",22,33.0,-90.0,35000.0,35000.0,38406.487886,3406.487886,100.0,33642.931193,-0.0,0.0,195627.659574,9.860691489362e6,0.0,1.0056319148936e7
PV Recycling Plant,"MMC Materials, Inc., MS",23,33.0,-90.0,35000.0,35000.0,31593.512114,0.0,100.0,27674.968807,-0.0,0.0,195627.659574,9.860691489362e6,0.0,1.0056319148936e7
PV Recycling Plant,"MMC Materials, Inc., MS",24,33.0,-90.0,35000.0,35000.0,35000.0,0.0,100.0,30658.95,-0.0,0.0,195627.659574,9.860691489362e6,0.0,1.0056319148936e7
PV Recycling Plant,"MMC Materials, Inc., MS",25,33.0,-90.0,35000.0,35000.0,35000.0,0.0,100.0,30658.95,-0.0,0.0,195627.659574,9.860691489362e6,0.0,1.0056319148936e7
PV Recycling Plant,"MMC Materials, Inc., MS",26,33.0,-90.0,35000.0,35000.0,35000.0,0.0,100.0,30658.95,-0.0,0.0,195627.659574,9.860691489362e6,0.0,1.0056319148936e7
PV Recycling Plant,"Boye Knives, AZ",1,36.0,-114.0,35000.0,0.0,6039.17014,6039.17014,0.0,5290.131868,8.647409152128e6,0.0,234202.12766,0.0,0.0,8.881611279788e6
PV Recycling Plant,"Boye Knives, AZ",2,36.0,-114.0,35000.0,0.0,3683.286317,9722.456458,0.0,3226.448315,-0.0,0.0,234202.12766,0.0,0.0,234202.12766
PV Recycling Plant,"Boye Knives, AZ",3,36.0,-114.0,35000.0,0.0,5497.353231,15219.809688,0.0,4815.51651,-0.0,0.0,234202.12766,0.0,0.0,234202.12766
PV Recycling Plant,"Boye Knives, AZ",4,36.0,-114.0,35000.0,0.0,8006.438545,23226.248234,0.0,7013.399972,-0.0,0.0,234202.12766,0.0,0.0,234202.12766
PV Recycling Plant,"Boye Knives, AZ",5,36.0,-114.0,35000.0,34621.379011,11395.130777,0.0,98.918226,9981.792707,-0.0,0.0,234202.12766,1.1677349165274e7,0.0,1.1911551292934e7
PV Recycling Plant,"Boye Knives, AZ",6,36.0,-114.0,35000.0,15864.689279,15864.689279,0.0,45.327684,13896.991867,-0.0,0.0,234202.12766,5.350957165692e6,0.0,5.585159293352e6
PV Recycling Plant,"Boye Knives, AZ",7,36.0,-114.0,35000.0,21620.483744,21620.483744,0.0,61.772811,18938.895145,-0.0,0.0,234202.12766,7.29231316061e6,0.0,7.52651528827e6
PV Recycling Plant,"Boye Knives, AZ",8,36.0,-114.0,35000.0,35000.0,46231.547529,11231.547529,100.0,40497.448689,-0.0,0.0,234202.12766,1.1805053191489e7,0.0,1.2039255319149e7
PV Recycling Plant,"Boye Knives, AZ",9,36.0,-114.0,35000.0,35000.0,23768.452471,0.0,100.0,20820.451311,-0.0,0.0,234202.12766,1.1805053191489e7,0.0,1.2039255319149e7
PV Recycling Plant,"Boye Knives, AZ",10,36.0,-114.0,35000.0,35000.0,41427.265702,6427.265702,100.0,36289.041937,-0.0,0.0,234202.12766,1.1805053191489e7,0.0,1.2039255319149e7
PV Recycling Plant,"Boye Knives, AZ",11,36.0,-114.0,35000.0,35000.0,45627.515138,17054.78084,100.0,39968.334435,-0.0,0.0,234202.12766,1.1805053191489e7,0.0,1.2039255319149e7
PV Recycling Plant,"Boye Knives, AZ",12,36.0,-114.0,35000.0,35000.0,17945.21916,0.0,100.0,15719.473628,-0.0,0.0,234202.12766,1.1805053191489e7,0.0,1.2039255319149e7
PV Recycling Plant,"Boye Knives, AZ",13,36.0,-114.0,35000.0,35000.0,80943.915134,45943.915134,100.0,70904.44134,-0.0,0.0,234202.12766,1.1805053191489e7,0.0,1.2039255319149e7
PV Recycling Plant,"Boye Knives, AZ",14,36.0,-114.0,35000.0,35000.0,18454.639954,29398.555088,100.0,16165.71096,-0.0,0.0,234202.12766,1.1805053191489e7,0.0,1.2039255319149e7
PV Recycling Plant,"Boye Knives, AZ",15,36.0,-114.0,35000.0,35000.0,5601.444912,0.0,100.0,4906.6977,-0.0,0.0,234202.12766,1.1805053191489e7,0.0,1.2039255319149e7
PV Recycling Plant,"Boye Knives, AZ",16,36.0,-114.0,35000.0,35000.0,62922.736367,27922.736367,100.0,55118.429376,-0.0,0.0,234202.12766,1.1805053191489e7,0.0,1.2039255319149e7
PV Recycling Plant,"Boye Knives, AZ",17,36.0,-114.0,35000.0,35000.0,27486.105099,20408.841466,100.0,24077.003484,-0.0,0.0,234202.12766,1.1805053191489e7,0.0,1.2039255319149e7
PV Recycling Plant,"Boye Knives, AZ",18,36.0,-114.0,35000.0,35000.0,14591.158534,0.0,100.0,12781.417141,-0.0,0.0,234202.12766,1.1805053191489e7,0.0,1.2039255319149e7
PV Recycling Plant,"Boye Knives, AZ",19,36.0,-114.0,35000.0,35000.0,100741.742686,65741.742686,100.0,88246.74434,-0.0,0.0,234202.12766,1.1805053191489e7,0.0,1.2039255319149e7
PV Recycling Plant,"Boye Knives, AZ",20,36.0,-114.0,35000.0,35000.0,36395.153471,67136.896157,100.0,31881.062586,-0.0,0.0,234202.12766,1.1805053191489e7,0.0,1.2039255319149e7
PV Recycling Plant,"Boye Knives, AZ",21,36.0,-114.0,35000.0,35000.0,4152.67759,36289.573747,100.0,3637.620989,-0.0,0.0,234202.12766,1.1805053191489e7,0.0,1.2039255319149e7
PV Recycling Plant,"Boye Knives, AZ",22,36.0,-114.0,35000.0,35000.0,64559.935344,65849.509091,100.0,56552.566563,-0.0,0.0,234202.12766,1.1805053191489e7,0.0,1.2039255319149e7
PV Recycling Plant,"Boye Knives, AZ",23,36.0,-114.0,35000.0,35000.0,20591.1699,51440.67899,100.0,18037.247097,-0.0,0.0,234202.12766,1.1805053191489e7,0.0,1.2039255319149e7
PV Recycling Plant,"Boye Knives, AZ",24,36.0,-114.0,35000.0,35000.0,4729.807747,21170.486738,100.0,4143.169693,-0.0,0.0,234202.12766,1.1805053191489e7,0.0,1.2039255319149e7
PV Recycling Plant,"Boye Knives, AZ",25,36.0,-114.0,35000.0,35000.0,44035.89642,30206.383158,100.0,38574.124187,-0.0,0.0,234202.12766,1.1805053191489e7,0.0,1.2039255319149e7
PV Recycling Plant,"Boye Knives, AZ",26,36.0,-114.0,35000.0,35000.0,4793.616842,0.0,100.0,4199.064545,-0.0,0.0,234202.12766,1.1805053191489e7,0.0,1.2039255319149e7
PV Recycling Plant,"Atlantic Fabrication & Boiler, VA",1,37.0,-76.0,0.0,0.0,0.0,0.0,NaN,0.0,0.0,0.0,0.0,0.0,0.0,0.0
PV Recycling Plant,"Atlantic Fabrication & Boiler, VA",2,37.0,-76.0,0.0,0.0,0.0,0.0,NaN,0.0,-0.0,0.0,0.0,0.0,0.0,0.0
PV Recycling Plant,"Atlantic Fabrication & Boiler, VA",3,37.0,-76.0,0.0,0.0,0.0,0.0,NaN,0.0,-0.0,0.0,0.0,0.0,0.0,0.0
PV Recycling Plant,"Atlantic Fabrication & Boiler, VA",4,37.0,-76.0,0.0,0.0,0.0,0.0,NaN,0.0,-0.0,0.0,0.0,0.0,0.0,0.0
PV Recycling Plant,"Atlantic Fabrication & Boiler, VA",5,37.0,-76.0,0.0,0.0,0.0,0.0,NaN,0.0,-0.0,0.0,0.0,0.0,0.0,0.0
PV Recycling Plant,"Atlantic Fabrication & Boiler, VA",6,37.0,-76.0,0.0,0.0,0.0,0.0,NaN,0.0,-0.0,0.0,0.0,0.0,0.0,0.0
PV Recycling Plant,"Atlantic Fabrication & Boiler, VA",7,37.0,-76.0,0.0,0.0,0.0,0.0,NaN,0.0,-0.0,0.0,0.0,0.0,0.0,0.0
PV Recycling Plant,"Atlantic Fabrication & Boiler, VA",8,37.0,-76.0,0.0,0.0,0.0,0.0,NaN,0.0,-0.0,0.0,0.0,0.0,0.0,0.0
PV Recycling Plant,"Atlantic Fabrication & Boiler, VA",9,37.0,-76.0,0.0,0.0,0.0,0.0,NaN,0.0,-0.0,0.0,0.0,0.0,0.0,0.0
PV Recycling Plant,"Atlantic Fabrication & Boiler, VA",10,37.0,-76.0,0.0,0.0,0.0,0.0,NaN,0.0,-0.0,0.0,0.0,0.0,0.0,0.0
PV Recycling Plant,"Atlantic Fabrication & Boiler, VA",11,37.0,-76.0,0.0,0.0,0.0,0.0,NaN,0.0,-0.0,0.0,0.0,0.0,0.0,0.0
PV Recycling Plant,"Atlantic Fabrication & Boiler, VA",12,37.0,-76.0,0.0,0.0,0.0,0.0,NaN,0.0,-0.0,0.0,0.0,0.0,0.0,0.0
PV Recycling Plant,"Atlantic Fabrication & Boiler, VA",13,37.0,-76.0,35000.0,35000.0,63302.911852,28302.911852,100.0,55451.451695,8.34220647617e6,0.0,225936.170213,1.1388404255319e7,0.0,1.9956546901702e7
PV Recycling Plant,"Atlantic Fabrication & Boiler, VA",14,37.0,-76.0,35000.0,35000.0,20963.574357,14266.486209,100.0,18363.46223,-0.0,0.0,225936.170213,1.1388404255319e7,0.0,1.1614340425532e7
PV Recycling Plant,"Atlantic Fabrication & Boiler, VA",15,37.0,-76.0,35000.0,35000.0,26808.268201,6074.75441,100.0,23483.238696,-0.0,0.0,225936.170213,1.1388404255319e7,0.0,1.1614340425532e7
PV Recycling Plant,"Atlantic Fabrication & Boiler, VA",16,37.0,-76.0,35000.0,35000.0,60476.990844,31551.745254,100.0,52976.02967,-0.0,0.0,225936.170213,1.1388404255319e7,0.0,1.1614340425532e7
PV Recycling Plant,"Atlantic Fabrication & Boiler, VA",17,37.0,-76.0,35000.0,35000.0,19575.16051,16126.905764,100.0,17147.253352,-0.0,0.0,225936.170213,1.1388404255319e7,0.0,1.1614340425532e7
PV Recycling Plant,"Atlantic Fabrication & Boiler, VA",18,37.0,-76.0,35000.0,35000.0,18873.094236,0.0,100.0,16532.264358,-0.0,0.0,225936.170213,1.1388404255319e7,0.0,1.1614340425532e7
PV Recycling Plant,"Atlantic Fabrication & Boiler, VA",19,37.0,-76.0,35000.0,35000.0,65954.209964,30954.209964,100.0,57773.909302,-0.0,0.0,225936.170213,1.1388404255319e7,0.0,1.1614340425532e7
PV Recycling Plant,"Atlantic Fabrication & Boiler, VA",20,37.0,-76.0,35000.0,35000.0,56750.871684,52705.081648,100.0,49712.061069,-0.0,0.0,225936.170213,1.1388404255319e7,0.0,1.1614340425532e7
PV Recycling Plant,"Atlantic Fabrication & Boiler, VA",21,37.0,-76.0,35000.0,35000.0,15984.17527,33689.256918,100.0,14001.658011,-0.0,0.0,225936.170213,1.1388404255319e7,0.0,1.1614340425532e7
PV Recycling Plant,"Atlantic Fabrication & Boiler, VA",22,37.0,-76.0,35000.0,35000.0,42802.425521,41491.682439,100.0,37493.640684,-0.0,0.0,225936.170213,1.1388404255319e7,0.0,1.1614340425532e7
PV Recycling Plant,"Atlantic Fabrication & Boiler, VA",23,37.0,-76.0,35000.0,35000.0,13687.069225,20178.751664,100.0,11989.462029,-0.0,0.0,225936.170213,1.1388404255319e7,0.0,1.1614340425532e7
PV Recycling Plant,"Atlantic Fabrication & Boiler, VA",24,37.0,-76.0,35000.0,35000.0,14821.248336,0.0,100.0,12982.968905,-0.0,0.0,225936.170213,1.1388404255319e7,0.0,1.1614340425532e7
PV Recycling Plant,"Atlantic Fabrication & Boiler, VA",25,37.0,-76.0,35000.0,35000.0,41556.878464,6556.878464,100.0,36402.578828,-0.0,0.0,225936.170213,1.1388404255319e7,0.0,1.1614340425532e7
PV Recycling Plant,"Atlantic Fabrication & Boiler, VA",26,37.0,-76.0,35000.0,35000.0,28443.121536,0.0,100.0,24915.321172,-0.0,0.0,225936.170213,1.1388404255319e7,0.0,1.1614340425532e7
PV Recycling Plant,"Bain Mfg. Co., Inc., MS",1,34.0,-90.0,35000.0,3856.871589,3856.871589,0.0,11.019633,3378.503805,7.22312999766e6,0.0,195627.659574,1.08661202427e6,0.0,8.505369681504e6
PV Recycling Plant,"Bain Mfg. Co., Inc., MS",2,34.0,-90.0,35000.0,2452.289905,2452.289905,0.0,7.006543,2148.132388,-0.0,0.0,195627.659574,690893.548349,0.0,886521.207923
PV Recycling Plant,"Bain Mfg. Co., Inc., MS",3,34.0,-90.0,35000.0,3723.787421,3723.787421,0.0,10.639393,3261.926067,-0.0,0.0,195627.659574,1.049117683597e6,0.0,1.244745343171e6
PV Recycling Plant,"Bain Mfg. Co., Inc., MS",4,34.0,-90.0,35000.0,5521.877859,5521.877859,0.0,15.776794,4836.999348,-0.0,0.0,195627.659574,1.555700971611e6,0.0,1.751328631185e6
PV Recycling Plant,"Bain Mfg. Co., Inc., MS",5,34.0,-90.0,35000.0,8009.042333,8009.042333,0.0,22.882978,7015.680813,-0.0,0.0,195627.659574,2.256419873477e6,0.0,2.452047533051e6
PV Recycling Plant,"Bain Mfg. Co., Inc., MS",6,34.0,-90.0,35000.0,0.0,11375.571923,11375.571923,0.0,9964.659737,-0.0,0.0,195627.659574,0.0,0.0,195627.659574
PV Recycling Plant,"Bain Mfg. Co., Inc., MS",7,34.0,-90.0,35000.0,0.0,15835.616554,27211.188477,0.0,13871.525033,-0.0,0.0,195627.659574,0.0,0.0,195627.659574
PV Recycling Plant,"Bain Mfg. Co., Inc., MS",8,34.0,-90.0,35000.0,21034.139682,18355.720583,24532.769379,60.097542,16079.060559,-0.0,0.0,195627.659574,5.926033204101e6,0.0,6.121660863675e6
PV Recycling Plant,"Bain Mfg. Co., Inc., MS",9,34.0,-90.0,35000.0,35000.0,10467.230621,0.0,100.0,9168.980007,-0.0,0.0,195627.659574,9.860691489362e6,0.0,1.0056319148936e7
PV Recycling Plant,"Bain Mfg. Co., Inc., MS",10,34.0,-90.0,35000.0,35000.0,37468.297767,2468.297767,100.0,32821.104795,-0.0,0.0,195627.659574,9.860691489362e6,0.0,1.0056319148936e7
PV Recycling Plant,"Bain Mfg. Co., Inc., MS",11,34.0,-90.0,35000.0,35000.0,43564.71787,11033.015637,100.0,38161.385912,-0.0,0.0,195627.659574,9.860691489362e6,0.0,1.0056319148936e7
PV Recycling Plant,"Bain Mfg. Co., Inc., MS",12,34.0,-90.0,35000.0,35000.0,23966.984363,0.0,100.0,20994.359293,-0.0,0.0,195627.659574,9.860691489362e6,0.0,1.0056319148936e7
PV Recycling Plant,"Bain Mfg. Co., Inc., MS",13,34.0,-90.0,35000.0,35000.0,56713.117803,21713.117803,100.0,49678.989802,-0.0,0.0,195627.659574,9.860691489362e6,0.0,1.0056319148936e7
PV Recycling Plant,"Bain Mfg. Co., Inc., MS",14,34.0,-90.0,35000.0,35000.0,31206.597959,17919.715761,100.0,27336.043614,-0.0,0.0,195627.659574,9.860691489362e6,0.0,1.0056319148936e7
PV Recycling Plant,"Bain Mfg. Co., Inc., MS",15,34.0,-90.0,35000.0,35000.0,17080.284239,0.0,100.0,14961.816585,-0.0,0.0,195627.659574,9.860691489362e6,0.0,1.0056319148936e7
PV Recycling Plant,"Bain Mfg. Co., Inc., MS",16,34.0,-90.0,35000.0,35000.0,47989.830828,12989.830828,100.0,42037.65211,-0.0,0.0,195627.659574,9.860691489362e6,0.0,1.0056319148936e7
PV Recycling Plant,"Bain Mfg. Co., Inc., MS",17,34.0,-90.0,35000.0,35000.0,32307.247787,10297.078615,100.0,28300.179844,-0.0,0.0,195627.659574,9.860691489362e6,0.0,1.0056319148936e7
PV Recycling Plant,"Bain Mfg. Co., Inc., MS",18,34.0,-90.0,35000.0,35000.0,42863.145476,18160.224091,100.0,37546.829543,-0.0,0.0,195627.659574,9.860691489362e6,0.0,1.0056319148936e7
PV Recycling Plant,"Bain Mfg. Co., Inc., MS",19,34.0,-90.0,35000.0,35000.0,32542.942581,15703.166673,100.0,28506.641413,-0.0,0.0,195627.659574,9.860691489362e6,0.0,1.0056319148936e7
PV Recycling Plant,"Bain Mfg. Co., Inc., MS",20,34.0,-90.0,35000.0,35000.0,28395.110636,9098.277308,100.0,24873.265063,-0.0,0.0,195627.659574,9.860691489362e6,0.0,1.0056319148936e7
PV Recycling Plant,"Bain Mfg. Co., Inc., MS",21,34.0,-90.0,35000.0,35000.0,25901.722692,0.0,100.0,22689.132026,-0.0,0.0,195627.659574,9.860691489362e6,0.0,1.0056319148936e7
PV Recycling Plant,"Bain Mfg. Co., Inc., MS",22,34.0,-90.0,35000.0,35000.0,39948.022213,4948.022213,100.0,34993.269018,-0.0,0.0,195627.659574,9.860691489362e6,0.0,1.0056319148936e7
PV Recycling Plant,"Bain Mfg. Co., Inc., MS",23,34.0,-90.0,35000.0,35000.0,30051.977787,0.0,100.0,26324.630982,-0.0,0.0,195627.659574,9.860691489362e6,0.0,1.0056319148936e7
PV Recycling Plant,"Bain Mfg. Co., Inc., MS",24,34.0,-90.0,35000.0,35000.0,35000.0,0.0,100.0,30658.95,-0.0,0.0,195627.659574,9.860691489362e6,0.0,1.0056319148936e7
PV Recycling Plant,"Bain Mfg. Co., Inc., MS",25,34.0,-90.0,35000.0,35000.0,35000.0,0.0,100.0,30658.95,-0.0,0.0,195627.659574,9.860691489362e6,0.0,1.0056319148936e7
PV Recycling Plant,"Bain Mfg. Co., Inc., MS",26,34.0,-90.0,35000.0,35000.0,35000.0,0.0,100.0,30658.95,-0.0,0.0,195627.659574,9.860691489362e6,0.0,1.0056319148936e7
PV Recycling Plant,"Midstream Energy Services, LLC, OK",1,37.0,-102.0,0.0,0.0,0.0,0.0,NaN,0.0,0.0,0.0,0.0,0.0,0.0,0.0
PV Recycling Plant,"Midstream Energy Services, LLC, OK",2,37.0,-102.0,0.0,0.0,0.0,0.0,NaN,0.0,-0.0,0.0,0.0,0.0,0.0,0.0
PV Recycling Plant,"Midstream Energy Services, LLC, OK",3,37.0,-102.0,0.0,0.0,0.0,0.0,NaN,0.0,-0.0,0.0,0.0,0.0,0.0,0.0
PV Recycling Plant,"Midstream Energy Services, LLC, OK",4,37.0,-102.0,0.0,0.0,0.0,0.0,NaN,0.0,-0.0,0.0,0.0,0.0,0.0,0.0
PV Recycling Plant,"Midstream Energy Services, LLC, OK",5,37.0,-102.0,0.0,0.0,0.0,0.0,NaN,0.0,-0.0,0.0,0.0,0.0,0.0,0.0
PV Recycling Plant,"Midstream Energy Services, LLC, OK",6,37.0,-102.0,0.0,0.0,0.0,0.0,NaN,0.0,-0.0,0.0,0.0,0.0,0.0,0.0
PV Recycling Plant,"Midstream Energy Services, LLC, OK",7,37.0,-102.0,0.0,0.0,0.0,0.0,NaN,0.0,-0.0,0.0,0.0,0.0,0.0,0.0
PV Recycling Plant,"Midstream Energy Services, LLC, OK",8,37.0,-102.0,0.0,0.0,0.0,0.0,NaN,0.0,-0.0,0.0,0.0,0.0,0.0,0.0
PV Recycling Plant,"Midstream Energy Services, LLC, OK",9,37.0,-102.0,0.0,0.0,0.0,0.0,NaN,0.0,-0.0,0.0,0.0,0.0,0.0,0.0
PV Recycling Plant,"Midstream Energy Services, LLC, OK",10,37.0,-102.0,0.0,0.0,0.0,0.0,NaN,0.0,-0.0,0.0,0.0,0.0,0.0,0.0
PV Recycling Plant,"Midstream Energy Services, LLC, OK",11,37.0,-102.0,0.0,0.0,0.0,0.0,NaN,0.0,-0.0,0.0,0.0,0.0,0.0,0.0
PV Recycling Plant,"Midstream Energy Services, LLC, OK",12,37.0,-102.0,0.0,0.0,0.0,0.0,NaN,0.0,-0.0,0.0,0.0,0.0,0.0,0.0
PV Recycling Plant,"Midstream Energy Services, LLC, OK",13,37.0,-102.0,0.0,0.0,0.0,0.0,NaN,0.0,-0.0,0.0,0.0,0.0,0.0,0.0
PV Recycling Plant,"Midstream Energy Services, LLC, OK",14,37.0,-102.0,0.0,0.0,0.0,0.0,NaN,0.0,-0.0,0.0,0.0,0.0,0.0,0.0
PV Recycling Plant,"Midstream Energy Services, LLC, OK",15,37.0,-102.0,0.0,0.0,0.0,0.0,NaN,0.0,-0.0,0.0,0.0,0.0,0.0,0.0
PV Recycling Plant,"Midstream Energy Services, LLC, OK",16,37.0,-102.0,0.0,0.0,0.0,0.0,NaN,0.0,0.0,0.0,0.0,0.0,0.0,0.0
PV Recycling Plant,"Midstream Energy Services, LLC, OK",17,37.0,-102.0,0.0,0.0,0.0,0.0,NaN,0.0,0.0,0.0,0.0,0.0,0.0,0.0
PV Recycling Plant,"Midstream Energy Services, LLC, OK",18,37.0,-102.0,0.0,0.0,0.0,0.0,NaN,0.0,0.0,0.0,0.0,0.0,0.0,0.0
PV Recycling Plant,"Midstream Energy Services, LLC, OK",19,37.0,-102.0,35000.0,23158.243378,23158.243378,0.0,66.16641,20285.926452,8.443940701489e6,0.0,228691.489362,7.627192093119e6,0.0,1.629982428397e7
PV Recycling Plant,"Midstream Energy Services, LLC, OK",20,37.0,-102.0,35000.0,18478.84311,18478.84311,0.0,52.796695,16186.912199,-0.0,0.0,228691.489362,6.086026636661e6,0.0,6.314718126023e6
PV Recycling Plant,"Midstream Energy Services, LLC, OK",21,37.0,-102.0,35000.0,5812.581318,6430.140049,617.558731,16.607375,5632.609778,-0.0,0.0,228691.489362,1.914379840656e6,0.0,2.143071330018e6
PV Recycling Plant,"Midstream Energy Services, LLC, OK",22,37.0,-102.0,35000.0,0.0,17135.402396,17752.961126,0.0,15010.098436,-0.0,0.0,228691.489362,0.0,0.0,228691.489362
PV Recycling Plant,"Midstream Energy Services, LLC, OK",23,37.0,-102.0,35000.0,0.0,7782.494088,25535.455214,0.0,6817.231346,-0.0,0.0,228691.489362,0.0,0.0,228691.489362
PV Recycling Plant,"Midstream Energy Services, LLC, OK",24,37.0,-102.0,35000.0,35000.0,9464.544786,0.0,100.0,8290.657296,-0.0,0.0,228691.489362,1.1527287234043e7,0.0,1.1755978723405e7
PV Recycling Plant,"Midstream Energy Services, LLC, OK",25,37.0,-102.0,35000.0,35000.0,40824.295281,5824.295281,100.0,35760.857937,-0.0,0.0,228691.489362,1.1527287234043e7,0.0,1.1755978723405e7
PV Recycling Plant,"Midstream Energy Services, LLC, OK",26,37.0,-102.0,35000.0,35000.0,29175.704719,0.0,100.0,25557.042063,-0.0,0.0,228691.489362,1.1527287234043e7,0.0,1.1755978723405e7
PV Recycling Plant,"Murco Wall Products, Inc., AZ",1,33.0,-113.0,0.0,0.0,0.0,0.0,NaN,0.0,0.0,0.0,0.0,0.0,0.0,0.0
PV Recycling Plant,"Murco Wall Products, Inc., AZ",2,33.0,-113.0,0.0,0.0,0.0,0.0,NaN,0.0,-0.0,0.0,0.0,0.0,0.0,0.0
PV Recycling Plant,"Murco Wall Products, Inc., AZ",3,33.0,-113.0,0.0,0.0,0.0,0.0,NaN,0.0,-0.0,0.0,0.0,0.0,0.0,0.0
PV Recycling Plant,"Murco Wall Products, Inc., AZ",4,33.0,-113.0,0.0,0.0,0.0,0.0,NaN,0.0,-0.0,0.0,0.0,0.0,0.0,0.0
PV Recycling Plant,"Murco Wall Products, Inc., AZ",5,33.0,-113.0,0.0,0.0,0.0,0.0,NaN,0.0,-0.0,0.0,0.0,0.0,0.0,0.0
PV Recycling Plant,"Murco Wall Products, Inc., AZ",6,33.0,-113.0,0.0,0.0,0.0,0.0,NaN,0.0,-0.0,0.0,0.0,0.0,0.0,0.0
PV Recycling Plant,"Murco Wall Products, Inc., AZ",7,33.0,-113.0,0.0,0.0,0.0,0.0,NaN,0.0,-0.0,0.0,0.0,0.0,0.0,0.0
PV Recycling Plant,"Murco Wall Products, Inc., AZ",8,33.0,-113.0,0.0,0.0,0.0,0.0,NaN,0.0,-0.0,0.0,0.0,0.0,0.0,0.0
PV Recycling Plant,"Murco Wall Products, Inc., AZ",9,33.0,-113.0,0.0,0.0,0.0,0.0,NaN,0.0,-0.0,0.0,0.0,0.0,0.0,0.0
PV Recycling Plant,"Murco Wall Products, Inc., AZ",10,33.0,-113.0,0.0,0.0,0.0,0.0,NaN,0.0,-0.0,0.0,0.0,0.0,0.0,0.0
PV Recycling Plant,"Murco Wall Products, Inc., AZ",11,33.0,-113.0,0.0,0.0,0.0,0.0,NaN,0.0,-0.0,0.0,0.0,0.0,0.0,0.0
PV Recycling Plant,"Murco Wall Products, Inc., AZ",12,33.0,-113.0,0.0,0.0,0.0,0.0,NaN,0.0,-0.0,0.0,0.0,0.0,0.0,0.0
PV Recycling Plant,"Murco Wall Products, Inc., AZ",13,33.0,-113.0,0.0,0.0,0.0,0.0,NaN,0.0,-0.0,0.0,0.0,0.0,0.0,0.0
PV Recycling Plant,"Murco Wall Products, Inc., AZ",14,33.0,-113.0,0.0,0.0,0.0,0.0,NaN,0.0,-0.0,0.0,0.0,0.0,0.0,0.0
PV Recycling Plant,"Murco Wall Products, Inc., AZ",15,33.0,-113.0,0.0,0.0,0.0,0.0,NaN,0.0,-0.0,0.0,0.0,0.0,0.0,0.0
PV Recycling Plant,"Murco Wall Products, Inc., AZ",16,33.0,-113.0,35000.0,35000.0,134365.47648,99365.47648,100.0,117700.126432,8.647409152128e6,0.0,234202.12766,1.1805053191489e7,0.0,2.0686664471277e7
PV Recycling Plant,"Murco Wall Products, Inc., AZ",17,33.0,-113.0,35000.0,35000.0,3366.906203,67732.382682,100.0,2949.308826,-0.0,0.0,234202.12766,1.1805053191489e7,0.0,1.2039255319149e7
PV Recycling Plant,"Murco Wall Products, Inc., AZ",18,33.0,-113.0,35000.0,35000.0,14460.268993,47192.651676,100.0,12666.76183,-0.0,0.0,234202.12766,1.1805053191489e7,0.0,1.2039255319149e7
PV Recycling Plant,"Murco Wall Products, Inc., AZ",19,33.0,-113.0,35000.0,35000.0,127613.359321,139806.010996,100.0,111785.474364,-0.0,0.0,234202.12766,1.1805053191489e7,0.0,1.2039255319149e7
PV Recycling Plant,"Murco Wall Products, Inc., AZ",20,33.0,-113.0,35000.0,35000.0,10746.333665,115552.344661,100.0,9413.4659,-0.0,0.0,234202.12766,1.1805053191489e7,0.0,1.2039255319149e7
PV Recycling Plant,"Murco Wall Products, Inc., AZ",21,33.0,-113.0,35000.0,35000.0,3897.853574,84450.198236,100.0,3414.402795,-0.0,0.0,234202.12766,1.1805053191489e7,0.0,1.2039255319149e7
PV Recycling Plant,"Murco Wall Products, Inc., AZ",22,33.0,-113.0,35000.0,35000.0,9826.142947,59276.341183,100.0,8607.406438,-0.0,0.0,234202.12766,1.1805053191489e7,0.0,1.2039255319149e7
PV Recycling Plant,"Murco Wall Products, Inc., AZ",23,33.0,-113.0,35000.0,35000.0,4070.702105,28347.043288,100.0,3565.812923,-0.0,0.0,234202.12766,1.1805053191489e7,0.0,1.2039255319149e7
PV Recycling Plant,"Murco Wall Products, Inc., AZ",24,33.0,-113.0,35000.0,35000.0,6652.956712,0.0,100.0,5827.790491,-0.0,0.0,234202.12766,1.1805053191489e7,0.0,1.2039255319149e7
PV Recycling Plant,"Murco Wall Products, Inc., AZ",25,33.0,-113.0,35000.0,35000.0,35000.0,0.0,100.0,30658.95,-0.0,0.0,234202.12766,1.1805053191489e7,0.0,1.2039255319149e7
PV Recycling Plant,"Murco Wall Products, Inc., AZ",26,33.0,-113.0,35000.0,35000.0,35000.0,0.0,100.0,30658.95,-0.0,0.0,234202.12766,1.1805053191489e7,0.0,1.2039255319149e7
PV Recycling Plant,"Headrick Outdoor Media, Inc., MS",1,32.0,-90.0,0.0,0.0,0.0,0.0,NaN,0.0,0.0,0.0,0.0,0.0,0.0,0.0
PV Recycling Plant,"Headrick Outdoor Media, Inc., MS",2,32.0,-90.0,0.0,0.0,0.0,0.0,NaN,0.0,-0.0,0.0,0.0,0.0,0.0,0.0
PV Recycling Plant,"Headrick Outdoor Media, Inc., MS",3,32.0,-90.0,0.0,0.0,0.0,0.0,NaN,0.0,-0.0,0.0,0.0,0.0,0.0,0.0
PV Recycling Plant,"Headrick Outdoor Media, Inc., MS",4,32.0,-90.0,0.0,0.0,0.0,0.0,NaN,0.0,-0.0,0.0,0.0,0.0,0.0,0.0
PV Recycling Plant,"Headrick Outdoor Media, Inc., MS",5,32.0,-90.0,0.0,0.0,0.0,0.0,NaN,0.0,-0.0,0.0,0.0,0.0,0.0,0.0
PV Recycling Plant,"Headrick Outdoor Media, Inc., MS",6,32.0,-90.0,0.0,0.0,0.0,0.0,NaN,0.0,-0.0,0.0,0.0,0.0,0.0,0.0
PV Recycling Plant,"Headrick Outdoor Media, Inc., MS",7,32.0,-90.0,0.0,0.0,0.0,0.0,NaN,0.0,-0.0,0.0,0.0,0.0,0.0,0.0
PV Recycling Plant,"Headrick Outdoor Media, Inc., MS",8,32.0,-90.0,0.0,0.0,0.0,0.0,NaN,0.0,-0.0,0.0,0.0,0.0,0.0,0.0
PV Recycling Plant,"Headrick Outdoor Media, Inc., MS",9,32.0,-90.0,0.0,0.0,0.0,0.0,NaN,0.0,-0.0,0.0,0.0,0.0,0.0,0.0
PV Recycling Plant,"Headrick Outdoor Media, Inc., MS",10,32.0,-90.0,0.0,0.0,0.0,0.0,NaN,0.0,-0.0,0.0,0.0,0.0,0.0,0.0
PV Recycling Plant,"Headrick Outdoor Media, Inc., MS",11,32.0,-90.0,0.0,0.0,0.0,0.0,NaN,0.0,-0.0,0.0,0.0,0.0,0.0,0.0
PV Recycling Plant,"Headrick Outdoor Media, Inc., MS",12,32.0,-90.0,0.0,0.0,0.0,0.0,NaN,0.0,-0.0,0.0,0.0,0.0,0.0,0.0
PV Recycling Plant,"Headrick Outdoor Media, Inc., MS",13,32.0,-90.0,0.0,0.0,0.0,0.0,NaN,0.0,-0.0,0.0,0.0,0.0,0.0,0.0
PV Recycling Plant,"Headrick Outdoor Media, Inc., MS",14,32.0,-90.0,0.0,0.0,0.0,0.0,NaN,0.0,-0.0,0.0,0.0,0.0,0.0,0.0
PV Recycling Plant,"Headrick Outdoor Media, Inc., MS",15,32.0,-90.0,0.0,0.0,0.0,0.0,NaN,0.0,-0.0,0.0,0.0,0.0,0.0,0.0
PV Recycling Plant,"Headrick Outdoor Media, Inc., MS",16,32.0,-90.0,0.0,0.0,0.0,0.0,NaN,0.0,-0.0,0.0,0.0,0.0,0.0,0.0
PV Recycling Plant,"Headrick Outdoor Media, Inc., MS",17,32.0,-90.0,0.0,0.0,0.0,0.0,NaN,0.0,-0.0,0.0,0.0,0.0,0.0,0.0
PV Recycling Plant,"Headrick Outdoor Media, Inc., MS",18,32.0,-90.0,0.0,0.0,0.0,0.0,NaN,0.0,-0.0,0.0,0.0,0.0,0.0,0.0
PV Recycling Plant,"Headrick Outdoor Media, Inc., MS",19,32.0,-90.0,0.0,0.0,0.0,0.0,NaN,0.0,-0.0,0.0,0.0,0.0,0.0,0.0
PV Recycling Plant,"Headrick Outdoor Media, Inc., MS",20,32.0,-90.0,35000.0,35000.0,42138.042542,7138.042542,100.0,36911.661126,7.22312999766e6,0.0,195627.659574,9.860691489362e6,0.0,1.7279449146596e7
PV Recycling Plant,"Headrick Outdoor Media, Inc., MS",21,32.0,-90.0,35000.0,35000.0,27861.957458,0.0,100.0,24406.238874,-0.0,0.0,195627.659574,9.860691489362e6,0.0,1.0056319148936e7
PV Recycling Plant,"Headrick Outdoor Media, Inc., MS",22,32.0,-90.0,35000.0,35000.0,35000.0,0.0,100.0,30658.95,-0.0,0.0,195627.659574,9.860691489362e6,0.0,1.0056319148936e7
PV Recycling Plant,"Headrick Outdoor Media, Inc., MS",23,32.0,-90.0,35000.0,35000.0,35000.0,0.0,100.0,30658.95,-0.0,0.0,195627.659574,9.860691489362e6,0.0,1.0056319148936e7
PV Recycling Plant,"Headrick Outdoor Media, Inc., MS",24,32.0,-90.0,35000.0,35000.0,35000.0,0.0,100.0,30658.95,-0.0,0.0,195627.659574,9.860691489362e6,0.0,1.0056319148936e7
PV Recycling Plant,"Headrick Outdoor Media, Inc., MS",25,32.0,-90.0,35000.0,35000.0,35000.0,0.0,100.0,30658.95,-0.0,0.0,195627.659574,9.860691489362e6,0.0,1.0056319148936e7
PV Recycling Plant,"Headrick Outdoor Media, Inc., MS",26,32.0,-90.0,35000.0,35000.0,35000.0,0.0,100.0,30658.95,-0.0,0.0,195627.659574,9.860691489362e6,0.0,1.0056319148936e7
PV Recycling Plant,"Felton Bros. Transit Mix, Inc., VA",1,37.0,-79.0,0.0,0.0,0.0,0.0,NaN,0.0,0.0,0.0,0.0,0.0,0.0,0.0
PV Recycling Plant,"Felton Bros. Transit Mix, Inc., VA",2,37.0,-79.0,0.0,0.0,0.0,0.0,NaN,0.0,-0.0,0.0,0.0,0.0,0.0,0.0
PV Recycling Plant,"Felton Bros. Transit Mix, Inc., VA",3,37.0,-79.0,0.0,0.0,0.0,0.0,NaN,0.0,-0.0,0.0,0.0,0.0,0.0,0.0
PV Recycling Plant,"Felton Bros. Transit Mix, Inc., VA",4,37.0,-79.0,0.0,0.0,0.0,0.0,NaN,0.0,-0.0,0.0,0.0,0.0,0.0,0.0
PV Recycling Plant,"Felton Bros. Transit Mix, Inc., VA",5,37.0,-79.0,0.0,0.0,0.0,0.0,NaN,0.0,-0.0,0.0,0.0,0.0,0.0,0.0
PV Recycling Plant,"Felton Bros. Transit Mix, Inc., VA",6,37.0,-79.0,0.0,0.0,0.0,0.0,NaN,0.0,-0.0,0.0,0.0,0.0,0.0,0.0
PV Recycling Plant,"Felton Bros. Transit Mix, Inc., VA",7,37.0,-79.0,0.0,0.0,0.0,0.0,NaN,0.0,-0.0,0.0,0.0,0.0,0.0,0.0
PV Recycling Plant,"Felton Bros. Transit Mix, Inc., VA",8,37.0,-79.0,0.0,0.0,0.0,0.0,NaN,0.0,-0.0,0.0,0.0,0.0,0.0,0.0
PV Recycling Plant,"Felton Bros. Transit Mix, Inc., VA",9,37.0,-79.0,0.0,0.0,0.0,0.0,NaN,0.0,-0.0,0.0,0.0,0.0,0.0,0.0
PV Recycling Plant,"Felton Bros. Transit Mix, Inc., VA",10,37.0,-79.0,0.0,0.0,0.0,0.0,NaN,0.0,-0.0,0.0,0.0,0.0,0.0,0.0
PV Recycling Plant,"Felton Bros. Transit Mix, Inc., VA",11,37.0,-79.0,0.0,0.0,0.0,0.0,NaN,0.0,-0.0,0.0,0.0,0.0,0.0,0.0
PV Recycling Plant,"Felton Bros. Transit Mix, Inc., VA",12,37.0,-79.0,0.0,0.0,0.0,0.0,NaN,0.0,-0.0,0.0,0.0,0.0,0.0,0.0
PV Recycling Plant,"Felton Bros. Transit Mix, Inc., VA",13,37.0,-79.0,0.0,0.0,0.0,0.0,NaN,0.0,-0.0,0.0,0.0,0.0,0.0,0.0
PV Recycling Plant,"Felton Bros. Transit Mix, Inc., VA",14,37.0,-79.0,0.0,0.0,0.0,0.0,NaN,0.0,-0.0,0.0,0.0,0.0,0.0,0.0
PV Recycling Plant,"Felton Bros. Transit Mix, Inc., VA",15,37.0,-79.0,0.0,0.0,0.0,0.0,NaN,0.0,-0.0,0.0,0.0,0.0,0.0,0.0
PV Recycling Plant,"Felton Bros. Transit Mix, Inc., VA",16,37.0,-79.0,35000.0,0.0,33149.403021,33149.403021,0.0,29037.882564,8.34220647617e6,0.0,225936.170213,0.0,0.0,8.568142646383e6
PV Recycling Plant,"Felton Bros. Transit Mix, Inc., VA",17,37.0,-79.0,35000.0,33370.934198,17146.185248,16924.65407,95.345526,15019.543892,-0.0,0.0,225936.170213,1.0858333972288e7,0.0,1.1084270142501e7
PV Recycling Plant,"Felton Bros. Transit Mix, Inc., VA",18,37.0,-79.0,35000.0,35000.0,18075.34593,0.0,100.0,15833.460774,-0.0,0.0,225936.170213,1.1388404255319e7,0.0,1.1614340425532e7
PV Recycling Plant,"Felton Bros. Transit Mix, Inc., VA",19,37.0,-79.0,35000.0,35000.0,75102.699045,40102.699045,100.0,65787.711282,-0.0,0.0,225936.170213,1.1388404255319e7,0.0,1.1614340425532e7
PV Recycling Plant,"Felton Bros. Transit Mix, Inc., VA",20,37.0,-79.0,35000.0,35000.0,41242.533438,46345.232483,100.0,36127.222015,-0.0,0.0,225936.170213,1.1388404255319e7,0.0,1.1614340425532e7
PV Recycling Plant,"Felton Bros. Transit Mix, Inc., VA",21,37.0,-79.0,35000.0,35000.0,12845.180095,24190.412577,100.0,11251.992408,-0.0,0.0,225936.170213,1.1388404255319e7,0.0,1.1614340425532e7
PV Recycling Plant,"Felton Bros. Transit Mix, Inc., VA",22,37.0,-79.0,35000.0,35000.0,36434.648201,25625.060778,100.0,31915.658785,-0.0,0.0,225936.170213,1.1388404255319e7,0.0,1.1614340425532e7
PV Recycling Plant,"Felton Bros. Transit Mix, Inc., VA",23,37.0,-79.0,35000.0,35000.0,22247.067808,12872.128587,100.0,19487.763988,-0.0,0.0,225936.170213,1.1388404255319e7,0.0,1.1614340425532e7
PV Recycling Plant,"Felton Bros. Transit Mix, Inc., VA",24,37.0,-79.0,35000.0,35000.0,22127.871413,0.0,100.0,19383.351522,-0.0,0.0,225936.170213,1.1388404255319e7,0.0,1.1614340425532e7
PV Recycling Plant,"Felton Bros. Transit Mix, Inc., VA",25,37.0,-79.0,35000.0,35000.0,41005.938483,6005.938483,100.0,35919.971933,-0.0,0.0,225936.170213,1.1388404255319e7,0.0,1.1614340425532e7
PV Recycling Plant,"Felton Bros. Transit Mix, Inc., VA",26,37.0,-79.0,35000.0,35000.0,28994.061517,0.0,100.0,25397.928067,-0.0,0.0,225936.170213,1.1388404255319e7,0.0,1.1614340425532e7
PV Recycling Plant,"Lhoist North America, AZ",1,36.0,-113.0,0.0,0.0,0.0,0.0,NaN,0.0,0.0,0.0,0.0,0.0,0.0,0.0
PV Recycling Plant,"Lhoist North America, AZ",2,36.0,-113.0,0.0,0.0,0.0,0.0,NaN,0.0,-0.0,0.0,0.0,0.0,0.0,0.0
PV Recycling Plant,"Lhoist North America, AZ",3,36.0,-113.0,0.0,0.0,0.0,0.0,NaN,0.0,-0.0,0.0,0.0,0.0,0.0,0.0
PV Recycling Plant,"Lhoist North America, AZ",4,36.0,-113.0,0.0,0.0,0.0,0.0,NaN,0.0,-0.0,0.0,0.0,0.0,0.0,0.0
PV Recycling Plant,"Lhoist North America, AZ",5,36.0,-113.0,0.0,0.0,0.0,0.0,NaN,0.0,-0.0,0.0,0.0,0.0,0.0,0.0
PV Recycling Plant,"Lhoist North America, AZ",6,36.0,-113.0,0.0,0.0,0.0,0.0,NaN,0.0,-0.0,0.0,0.0,0.0,0.0,0.0
PV Recycling Plant,"Lhoist North America, AZ",7,36.0,-113.0,0.0,0.0,0.0,0.0,NaN,0.0,-0.0,0.0,0.0,0.0,0.0,0.0
PV Recycling Plant,"Lhoist North America, AZ",8,36.0,-113.0,0.0,0.0,0.0,0.0,NaN,0.0,-0.0,0.0,0.0,0.0,0.0,0.0
PV Recycling Plant,"Lhoist North America, AZ",9,36.0,-113.0,0.0,0.0,0.0,0.0,NaN,0.0,-0.0,0.0,0.0,0.0,0.0,0.0
PV Recycling Plant,"Lhoist North America, AZ",10,36.0,-113.0,0.0,0.0,0.0,0.0,NaN,0.0,-0.0,0.0,0.0,0.0,0.0,0.0
PV Recycling Plant,"Lhoist North America, AZ",11,36.0,-113.0,0.0,0.0,0.0,0.0,NaN,0.0,-0.0,0.0,0.0,0.0,0.0,0.0
PV Recycling Plant,"Lhoist North America, AZ",12,36.0,-113.0,0.0,0.0,0.0,0.0,NaN,0.0,-0.0,0.0,0.0,0.0,0.0,0.0
PV Recycling Plant,"Lhoist North America, AZ",13,36.0,-113.0,35000.0,35000.0,71552.379663,36552.379663,100.0,62677.738014,8.647409152128e6,0.0,234202.12766,1.1805053191489e7,0.0,2.0686664471277e7
PV Recycling Plant,"Lhoist North America, AZ",14,36.0,-113.0,35000.0,35000.0,6770.487703,8322.867366,100.0,5930.744113,-0.0,0.0,234202.12766,1.1805053191489e7,0.0,1.2039255319149e7
PV Recycling Plant,"Lhoist North America, AZ",15,36.0,-113.0,35000.0,35000.0,26677.132634,0.0,100.0,23368.367873,-0.0,0.0,234202.12766,1.1805053191489e7,0.0,1.2039255319149e7
PV Recycling Plant,"Lhoist North America, AZ",16,36.0,-113.0,35000.0,35000.0,56319.021202,21319.021202,100.0,49333.773002,-0.0,0.0,234202.12766,1.1805053191489e7,0.0,1.2039255319149e7
PV Recycling Plant,"Lhoist North America, AZ",17,36.0,-113.0,35000.0,35000.0,13680.978798,0.0,100.0,11984.126998,-0.0,0.0,234202.12766,1.1805053191489e7,0.0,1.2039255319149e7
PV Recycling Plant,"Lhoist North America, AZ",18,36.0,-113.0,35000.0,35000.0,35000.0,0.0,100.0,30658.95,-0.0,0.0,234202.12766,1.1805053191489e7,0.0,1.2039255319149e7
PV Recycling Plant,"Lhoist North America, AZ",19,36.0,-113.0,35000.0,35000.0,45866.081325,10866.081325,100.0,40177.311258,-0.0,0.0,234202.12766,1.1805053191489e7,0.0,1.2039255319149e7
PV Recycling Plant,"Lhoist North America, AZ",20,36.0,-113.0,35000.0,35000.0,72030.750927,47896.832252,100.0,63096.77689,-0.0,0.0,234202.12766,1.1805053191489e7,0.0,1.2039255319149e7
PV Recycling Plant,"Lhoist North America, AZ",21,36.0,-113.0,35000.0,35000.0,31365.597162,44262.429414,100.0,27475.322146,-0.0,0.0,234202.12766,1.1805053191489e7,0.0,1.2039255319149e7
PV Recycling Plant,"Lhoist North America, AZ",22,36.0,-113.0,35000.0,35000.0,25314.825949,34577.255363,100.0,22175.028087,-0.0,0.0,234202.12766,1.1805053191489e7,0.0,1.2039255319149e7
PV Recycling Plant,"Lhoist North America, AZ",23,36.0,-113.0,35000.0,35000.0,12863.7394,12440.994763,100.0,11268.249802,-0.0,0.0,234202.12766,1.1805053191489e7,0.0,1.2039255319149e7
PV Recycling Plant,"Lhoist North America, AZ",24,36.0,-113.0,35000.0,35000.0,32628.240553,10069.235316,100.0,28581.359877,-0.0,0.0,234202.12766,1.1805053191489e7,0.0,1.2039255319149e7
PV Recycling Plant,"Lhoist North America, AZ",25,36.0,-113.0,35000.0,35000.0,29173.973802,4243.209118,100.0,25555.525832,-0.0,0.0,234202.12766,1.1805053191489e7,0.0,1.2039255319149e7
PV Recycling Plant,"Lhoist North America, AZ",26,36.0,-113.0,35000.0,35000.0,30756.790882,0.0,100.0,26942.026109,-0.0,0.0,234202.12766,1.1805053191489e7,0.0,1.2039255319149e7
